id_conta;ID_CLIENTE;Agência;Tipo de Conta;Saldo Atual;Data Abertura ;STATUS;Limite Cheque Especial
CT-00897;CLT-0308;0347;c/c;R$ 156.33;21-01-2025;Encerrada;R$ 5.000,00
CT-00704;CLT-0171;0102;c/c;3.271,43;25/08/2025;Ativa;R$ 2.500,00
CT-00412;CLT-0707;1200;Corrente;(31.258,47);04-10-2016;ativa;2.500,00
CT-00732;CLT-0766;0102;CC;R$ 65.939,95;20/08/2016;ativa;1000.00
CT-00424;CLT-0695;1200;Corrente;9.759,16;2017-03-07;Encerrada;5000.00
CT-00234;CLT-0301 ;0347;Poupança;30181,34;01-03-2025;ativa;R$ 5.000,00
CT-00324;CLT-0268;0521;Corrente;20917,79;09/12/2019;ATIVA;5000.00
CT-00284;CLT-0260;0102;Corrente;R$ 76.511,72;2015-04-28;Ativa;500.00
CT-00286;CLT-0648;0102;Corrente;R$ 84.593,43;2015-05-17;bloqueada;5000.00
CT-00014;CLT-0106;0521;Corrente;29396.99;17/07/22;Ativa;R$ 1000.00
CT-00793;CLT-0695;0521;POUPANÇA;R$ 27621.38;14/03/19;Encerrada;2.500,00
CT-00845;CLT-0518;1200;corrente;84469.79;2019-02-22;encerrada;2500,00
CT-00855;CLT-0599;0521;CC;R$ 41665.92;2019-09-21;ATIVA;R$ 5.000,00
CT-00925;CLT-0828;0001;Corrente;19.229,23;30/04/2023;encerrada;R$ 5.000,00
CT-00706;CLT-0291;0001;CORRENTE;30708,71;09/09/2022;Encerrada;0,00
CT-00740;CLT-0619;1200;corrente;35314.42;2021-07-23;encerrada;10000.00
CT-00128;CLT-0083;0521;Conta Salário;28143.81;19/08/2018;Encerrada;R$ 10.000,00
CT-00262;clt-0398;0102;Corrente;34003.14;2023-10-13;ATIVA;R$ 1.000,00
CT-00775;CLT-0200;0521;CORRENTE;R$ 21248.46;2015-01-17;Ativa;0.00
CT-00376;CLT-0801;0347;POUPANÇA;51.949,69;13-06-2018;Ativa;
CT-00788;CLT-0293;1200;Salário;57491.11;19/05/23;Ativa;2.500,00
CT-00008;CLT-0758;0102;CORRENTE;54760.62;2015-08-08;Ativa;2.500,00
CT-00477;CLT-0500;0001;CORRENTE;61.874,38;02/10/2017;Encerrada;10000,00
CT-00543;CLT-0577;0001;Salário;R$ 82.886,93;2024-08-16;ativa;R$ 1.000,00
CT-00469;CLT-0612;0347;Poupança;R$ 77.943,12;2021-06-06;Ativa;R$ 1.000,00
CT-00877;CLT-0455;0001;POUPANÇA;R$ 2.765,15;2016-10-17;Bloqueada;1000.00
CT-00035;CLT-0042;0034;POUPANCA;7.014,31;25/04/2025;Ativa;R$ 2.500,00
CT-00656;CLT-0360;0521;Corrente;R$ 13905.69;07/02/2021;Ativa;0,00
CT-00592;CLT-0138;0102;CC;R$ 17385.55;2022-09-27;ATIVA;5.000,00
CT-00394;CLT-0708;1200;poupanca;R$ 14.558,94;2018-12-23;Ativa;500.00
CT-00843;CLT-0033;1200;Poupança;78.560,46;2024-08-11;Encerrada;R$ 500,00
CT-00579;CLT-0828;0102;Corrente;51265.17;22/10/2017;encerrada;1000.00
CT-00672;CLT-0314;0034;Corrente;(38.494,37);2026-07-17;ATIVA;R$ 0,00
CT-00856;CLT-0829;0102;corrente;5.687,87;10-jul-2015;Ativa;10000.00
CT-00889;CLT-0515;0347;Poupança;R$ 20042.92;13/11/2024;Bloqueada;10.000,00
CT-00448;CLT-0201 ;0001;salário;N/A;27-08-2022;Ativa;10000.00
CT-00235;CLT-0741;1200;Poupança;75904,50;28-11-2022;ATIVA;R$ 10.000,00
CT-00473;CLT-0229;0102;Poupança;R$ 63.917,44;03-07-2018;Ativa;1000,00
CT-00305;CLT-0407;0001;Corrente;11298,52;14/04/20;ATIVA;10000,00
CT-00946;CLT-0034;0102;corrente;R$ 79.029,90;16/06/22;ATIVA;R$ 5.000,00
CT-00230;CLT-0175;0347;CORRENTE;69319,53;29/09/2024;Ativa;1000.00
CT-00909;CLT-0083;0347;corrente;18.014,01;2026-02-28;ativa;0.00
CT-00009;CLT-0803;0034;c/c;R$ 41.976,56;2018-06-03;Encerrada;R$ 1.000,00
CT-00248;CLT-0593;0034;CORRENTE;R$ 69.692,13;19-02-2020;ativa;1.000,00
CT-00278;CLT-0645;0001;CC;70.911,93;15/02/2022;Ativa;R$ 2.500,00
CT-00725;CLT-0364;0034;Poupança;;22/03/2019;ATIVA;R$ 1.000,00
CT-00570;CLT-0193;0001;corrente;R$ 3451.85;27-06-2023;Ativa;2500,00
CT-00499;CLT-0430;0521;Poupança;61317.71;11/06/2020;ATIVA;R$ 0,00
CT-00598;CLT-0246;0001;CORRENTE;R$ 63.082,83;07/08/2025;Ativa;10000.00
CT-00321;CLT-0006;0001;Corrente;R$ 74.644,03;13/01/2015;Ativa;5.000,00
CT-00555;CLT-0666;1200;POUPANCA;(40.943,67);2020-06-29;Ativa;5000.00
CT-00342;CLT-0344;0001;c/c;11287.83;2023-10-07;Ativa;R$ 0,00
CT-00541;CLT-0334;0034;Corrente;83560.24;2024-01-26;Bloqueada;
CT-00506;CLT-0375;0001;Poupança;24.477,20;22/12/16;Ativa;500,00
CT-00430;CLT-0501;0001;CORRENTE;R$ 66068.87;22-07-2022;ativa;R$ 0.00
CT-00069;CLT-0052;0102;Poupança;36.130,98;29/12/2017;Ativa;10000.00
CT-00147;CLT-0715;0034;CC;82.859,52;25/07/2026;ativa;R$ 10000.00
CT-00911;CLT-0807;0347;poupança;R$ 69.153,13;29/07/2025;Ativa;R$ 0,00
CT-00432;CLT-0354;1200;CC;R$ 62122.29;27-07-2017;Ativa;10000,00
CT-00055;CLT-0462;0102;salário;R$ 80.198,29;2023-09-03;ATIVA;5.000,00
CT-00166;CLT-0375;0347;poupança;30985,45;07/02/2019;ativa;0,00
CT-00594;CLT-0757;0001;CC;33381.30;2015-09-21;encerrada;2.500,00
CT-00292;CLT-0317;0521;corrente;82599,17;12-abr-2018;Encerrada;R$ 1.000,00
CT-00085;CLT-0192;1200;CORRENTE;(2.489,98);2015-01-28;Ativa;-
CT-00225;CLT-0532;0521;Corrente;R$ 34.664,81;15/03/2015;Ativa;R$ 500,00
CT-00746;CLT-0431;0001;Corrente;57410.58;08-09-2016;Ativa;0.00
CT-00188;CLT-0419;0034;Salário;R$ 26.110,69;10-09-2025;ativa;2.500,00
CT-00336;CLT-0384;0347;Corrente;33466,67;2023-03-20;;2500,00
CT-00010;CLT-0463;0034;Corrente;R$ 22.338,79;21-06-2021;ATIVA;500,00
CT-00585;CLT-0682;0347;corrente;890,09;2017-12-03;encerrada;2500.00
CT-00731;CLT-0308;0347;CC;20438.04;24-10-2017;bloqueada;5000.00
CT-00531;CLT-0468 ;0001;corrente;22971,74;13/09/2019;Ativa;0.00
CT-00045;CLT-0390;0521;Corrente;R$ 5.759,45;11/05/2020;ativa;R$ 10.000,00
CT-00822;CLT-0764;0347;Corrente;68.519,56;2019-05-21;ativa;R$ 10.000,00
CT-00118;CLT-0357;0347;poupança;74.140,83;02/02/2022;Ativa;2500.00
CT-00884;CLT-0278;0102;CC;51739,06;20/12/2021;Ativa;500,00
CT-00403;CLT-0307;0102;salario;37109.79;19/11/2020;ATIVA;10000.00
CT-00180;CLT-0226;0001;POUPANCA;56.138,37;30/06/2022;bloqueada;2500.00
CT-00522;CLT-0443;0102;Corrente;45.817,56;23/08/2017;ATIVA;R$ 10.000,00
CT-00959;CLT-0241;0521;Corrente;67891,66;2020-02-09;ATIVA;R$ 10.000,00
CT-00507;CLT-0279;0102;corrente;68.989,31;26-01-2017;ativa;R$ 1000.00
CT-00418;CLT-0405;1200;CORRENTE;84.622,20;03/05/2022;Encerrada;R$ 0,00
CT-00093;CLT-0056;0521;salario;(56.416,56);2017-02-21;Ativa;R$ 0,00
CT-00752;CLT-0734;0001;POUPANÇA;22.206,02;06/02/2015;Ativa;R$ 500,00
CT-00459;CLT-0540;0034;Corrente;(62.467,96);03/05/2019;Ativa;2.500,00
CT-00538;clt-0428;0102;Poupança;-;27/12/23;Ativa;0,00
CT-00614;CLT-0788;0347;CORRENTE;58.258,74;19-02-2023;ativa;500.00
CT-00086;CLT-0675;0001;Corrente;R$ 30564.92;2020-05-01;Ativa;0,00
CT-00157;CLT-0608;1200;corrente;(9.902,53);2023-02-11;Ativa;2500,00
CT-00038;CLT-0742;0347;corrente;71.173,19;23/01/2015;Ativa;0.00
CT-00484;CLT-0842;0102;Corrente;82.755,27;28/04/2017;Encerrada;500,00
CT-00490;CLT-0764;0034;salário;44.307,45;2022-08-22;ATIVA;10.000,00
CT-00743;CLT-0295;0102;CORRENTE;39500.92;23-09-2020;Ativa;sem info
CT-00619;CLT-0590;0034;Salário;1760.41;2018-05-10;Encerrada;R$ 5.000,00
CT-00199;CLT-0733;1200;corrente;R$ 76.784,94;21/03/15;ativa;R$ 5000.00
CT-00616;CLT-0437;0034;Corrente;34.089,24;19/05/2025;Encerrada;R$ 0,00
CT-00257;CLT-0245;0034;Corrente;7949,12;2022-06-30;Ativa;R$ 500,00
CT-00317;CLT-0403;0001;c/c;46.687,45;2024-03-19;Ativa;R$ 0,00
CT-00692;CLT-0455;0034;corrente;R$ 17.038,09;14-02-2019;ATIVA;R$ 10000.00
CT-00658;CLT-0207;0102;Corrente;R$ 1.865,18;11/10/2025;;500.00
CT-00881;clt-0265;0102;salário;82.408,12;24/04/2020;ativa;1000.00
CT-00805;CLT-0768;0034;Corrente;31030.85;20/06/2022;Ativa;1.000,00
CT-00168;CLT-0322;0102;Poupança;R$ 21.444,76;03-04-2019;Ativa;R$ 1.000,00
CT-00895;CLT-0585;0102;corrente;39.507,77;27/05/2019;ativa;0,00
CT-00192;CLT-0697;0034;Poupança;R$ 81.244,18;21/09/2021;Encerrada;R$ 5000.00
CT-00413;CLT-0453;1200;Conta Salário;36201.35;2025-04-29;ATIVA;5000.00
CT-00307;CLT-0707;0001;corrente;82.470,75;04-07-2021;Ativa;5000.00
CT-00907;CLT-0443;0001;SALÁRIO;72615.15;27-set-2021;;R$ 2.500,00
CT-00790;CLT-0293;0347;Salário;(47.563,35);12/02/2018;Bloqueada;1000.00
CT-00474;CLT-0720;0001;salário;(16.248,34);2022-05-06;Bloqueada;5.000,00
CT-00360;CLT-0742;0102;Poupança;8.619,34;21/12/2025;Ativa;R$ 0.00
CT-00733;CLT-0280;0102;corrente;44371.63;26-01-2022;Ativa;2500.00
CT-00391;CLT-0394;0034;CORRENTE;N/A;09/05/2017;ATIVA;500,00
CT-00572;CLT-0161;0034;POUPANCA;R$ 36.250,75;2020-12-05;Ativa;0.00
CT-00155;CLT-0411;0102;CC;79068.67;12-out-2025;Ativa;0,00
CT-00517;CLT-0570;0347;salario;73043.25;07/07/2015;Ativa;2500,00
CT-00245;CLT-0052;0034;Corrente;1815.17;2019-03-25;Ativa;R$ 0,00
CT-00047;CLT-0045;0102;corrente;28557.54;23/06/2025;ATIVA;2500,00
CT-00679;CLT-0042;0347;Poupança;R$ 79.436,32;2023-11-28;Ativa;R$ 500,00
CT-00523;CLT-0431;0102;Corrente;R$ 37.937,91;29/10/2022;Ativa;0.00
CT-00953;CLT-0334;0347;c/c;28.761,90;08-03-2022;Ativa;R$ 10.000,00
CT-00610;CLT-0318;1200;CC;7.566,16;15/08/2023;Ativa;1000.00
CT-00829;CLT-0306;1200;Poupança;62.526,02;17/07/23;ativa;0,00
CT-00899;CLT-0350 ;0001;Poupança;48.164,81;07/02/18;encerrada;500,00
CT-00502;CLT-0370;0001;Corrente;R$ 22.176,88;2019-04-26;Ativa;10.000,00
CT-00006;CLT-0135;0521;c/c;29.448,85;11/10/2016;ATIVA;1.000,00
CT-00866;CLT-0314;0034;poupança;-;2025-12-05;Bloqueada;R$ 1.000,00
CT-00956;CLT-0164;0347;poupanca;R$ 43.040,43;07/11/2019;Ativa;R$ 10.000,00
CT-00888;CLT-0436;1200;corrente;55.337,64;2024-09-05;ativa;R$ 2.500,00
CT-00566;CLT-0216;0521;Poupança;55373.78;2018-06-11;Ativa;-
CT-00935;CLT-0120;0102;corrente;R$ 60.224,16;2024-05-14;Ativa;5000.00
CT-00089;CLT-0440;0034;c/c;61.722,78;26/02/2018;ATIVA;500,00
CT-00642;CLT-0277;0034;Corrente;79.691,44;17-04-2021;encerrada;1000.00
CT-00019;CLT-0626;1200;POUPANCA;R$ 35.425,05;2020-04-18;Bloqueada;10.000,00
CT-00958;CLT-0379;0347;Corrente;(84.892,22);10/05/2015;Ativa;0.00
CT-00281;CLT-0529 ;0001;Corrente;25104.83;30/07/16;Ativa;R$ 10.000,00
CT-00382;CLT-0095;1200;poupança;R$ 13453.70;2015-10-16;Ativa;R$ 1000.00
CT-00393;CLT-0641;0521;PP;R$ 38880.61;06/07/2018;Ativa;10.000,00
CT-00351;CLT-0328;0347;Poupança;68585.69;17-11-2015;Ativa;R$ 5.000,00
CT-00215;CLT-0394;0034;corrente;17.845,38;2020-05-18;ativa;5000.00
CT-00670;CLT-0761;1200;POUPANCA;75313,19;2022-12-09;Ativa;R$ 0,00
CT-00696;CLT-0562;0034;CORRENTE;54072.28;30-11-2017;Ativa;R$ 2500.00
CT-00944;CLT-0028;0347;CORRENTE;R$ 40.521,55;23/03/2018;bloqueada;R$ 500,00
CT-00042;CLT-0324;0102;Corrente;R$ 19.183,64;23-10-2025;Ativa;1000.00
CT-00169;CLT-0015;0521;POUPANCA;42605.50;11/06/2025;Bloqueada;R$ 1.000,00
CT-00691;CLT-0484;0347;Corrente;(27.119,04);2025-10-13;ATIVA;500,00
CT-00520;CLT-0596;0001;Poupança;(12.894,04);2022-10-27;Ativa;2.500,00
CT-00508;CLT-0543;0347;POUPANÇA;24584.41;06/04/20;ATIVA;R$ 5.000,00
CT-00547;CLT-0861;0347;Corrente;R$ 29.310,08;15-04-2021;Ativa;0,00
CT-00296;CLT-0554;0102;Poupança;R$ 64.814,34;21/07/25;Ativa;R$ 10.000,00
CT-00536;CLT-0043;0001;poupança;R$ 207.12;31-01-2022;Ativa;0.00
CT-00228;CLT-0268;0347;Corrente;sem info;21/10/2018;Ativa;R$ 5000.00
CT-00930;CLT-0115;0347;salário;R$ 51.877,28;29/11/2025;Ativa;R$ 0,00
CT-00214;CLT-0195;0347;poupança;N/A;02/07/2024;ATIVA;5000.00
CT-00352;CLT-0110;1200;Poupança;46357.38;18/08/2020;ATIVA;1.000,00
CT-00461;CLT-0536;0001;corrente;32591,37;11/02/22;Ativa;R$ 0,00
CT-00271;CLT-0076;0347;Corrente;R$ 5.309,69;13-04-2024;encerrada;500,00
CT-00660;CLT-0874;0102;POUPANCA;73384.16;18/09/23;ativa;1000.00
CT-00795;CLT-0523;0347;Corrente;32955,83;07/06/2026;Ativa;R$ 5.000,00
CT-00287;CLT-0564;0521;Poupança;43.704,15;2019-08-03;Ativa;10000,00
CT-00426;clt-0748;0521;SALÁRIO;R$ 21407.21;2024-05-10;ATIVA;500,00
CT-00386;CLT-0695;0034;corrente;53413.46;29-05-2017;ativa;R$ 2.500,00
CT-00583;CLT-0054;1200;salário;70.337,88;15/03/2023;Ativa;
CT-00116;CLT-0685;0102;Corrente;R$ 66.809,29;2019-09-14;Encerrada;1.000,00
CT-00308;CLT-0388;1200;Poupança;-2.339,63;19-04-2024;Ativa;10000.00
CT-00036;CLT-0045;0034;CC;13.216,33;21/12/2019;encerrada;R$ 0.00
CT-00546;CLT-0448;0034;Corrente;R$ 34.938,59;20/03/2020;ativa;R$ 0,00
CT-00753;CLT-0026;0102;poupanca;R$ -2312.34;2020-11-15;Ativa;500,00
CT-00713;CLT-0807 ;1200;corrente;84717,36;11-07-2019;ativa;R$ 10000.00
CT-00420;CLT-0334;0102;CC;R$ 66.116,34;24/07/2017;Ativa;R$ 1.000,00
CT-00062;CLT-0807;0001;Corrente;R$ 34.049,22;2024-02-16;Ativa;R$ 2500.00
CT-00143;CLT-0075;0102;POUPANÇA;20.772,36;15-jul-2020;;2.500,00
CT-00495;CLT-0250;1200;CORRENTE;26241.58;28/11/2019;Ativa;2500.00
CT-00500;CLT-0643 ;0102;Poupança;(52.631,86);04-fev-2021;Ativa;R$ 1.000,00
CT-00485;CLT-0234;1200;POUPANÇA;25653,49;29/10/2021;Ativa;R$ 0,00
CT-00709;CLT-0387;0102;salário;R$ 7.590,06;03/06/2017;ATIVA;R$ 0,00
CT-00512;CLT-0016;0034;CORRENTE;-211.18;2024-04-28;ativa;R$ 10.000,00
CT-00007;CLT-0526;0102;Poupança;24.041,50;03-05-2015;Ativa;1.000,00
CT-00242;CLT-0517;0001;Poupança;R$ 54.610,51;20/06/2019;Ativa;R$ 2500.00
CT-00651;CLT-0108;0001;Poupança;-1855.12;2025-12-22;Ativa;2500.00
CT-00738;CLT-0518;0034;corrente;R$ 45306.97;27/06/2021;Ativa;0,00
CT-00030;CLT-0052;1200;CORRENTE;56183,61;09/04/2017;Ativa;1000,00
CT-00366;CLT-0285;0001;poupança;R$ 181.94;02-09-2024;ativa;10.000,00
CT-00194;CLT-0647;0521;poupanca;R$ 11.495,01;26/03/2023;Ativa;0.00
CT-00862;CLT-0077;0102;CORRENTE;71.005,64;05/11/2015;Ativa;N/A
CT-00269;CLT-0463;0001;PP;61.513,39;25-03-2025;Ativa;500.00
CT-00918;clt-0713;0034;corrente;52.243,97;24/04/2019;Ativa;R$ 1.000,00
CT-00136;CLT-0636;0034;Corrente;37771.35;23-04-2015;Ativa;5.000,00
CT-00018;CLT-0519;0102;Corrente;66.629,84;04/08/2019;Ativa;500,00
CT-00057;CLT-0194;0521;Poupança;sem info;16/09/2025;ATIVA;R$ 500,00
CT-00954;CLT-0690;0347;CORRENTE;26968.71;02-01-2019;Ativa;R$ 5.000,00
CT-00272;CLT-0138;0034;poupança;54.948,03;2021-11-02;Encerrada;1.000,00
CT-00049;CLT-0647;0521;CORRENTE;42346.61;2019-12-10;Ativa;0,00
CT-00518;CLT-0807;0102;Poupança;12591.95;2019-05-30;Encerrada;R$ 0,00
CT-00112;CLT-0475;0034;Corrente;R$ 18.677,88;10/12/22;ativa;10.000,00
CT-00590;CLT-0197;0521;CORRENTE;28.925,65;15/03/2019;Bloqueada;R$ 10.000,00
CT-00637;CLT-0555;0347;CORRENTE;13223.73;2018-07-12;Ativa;1000,00
CT-00880;CLT-0801;0102;POUPANÇA;R$ 27410.52;18/09/2023;Ativa;1000.00
CT-00024;CLT-0319;0521;SALÁRIO;sem info;19/09/2023;Ativa;R$ 10000.00
CT-00041;CLT-0700;0001;poupança;R$ 62.181,36;14/06/2016;Ativa;1.000,00
CT-00654;CLT-0407;1200;Poupança;R$ 55.469,14;15-01-2017;encerrada;-
CT-00222;CLT-0123;0034;Poupança;R$ 21.821,42;04/02/2016;ativa;2500,00
CT-00315;CLT-0343;0521;Corrente;R$ 59839.85;16/08/2021;Ativa;500,00
CT-00039;CLT-0086;0521;poupança;68.391,88;25-02-2020;Encerrada;-
CT-00674;CLT-0126;0001;Corrente;43882.30;07/08/2022;;2.500,00
CT-00141;CLT-0733;1200;CORRENTE;56893.64;2023-01-27;ATIVA;R$ 2.500,00
CT-00509;CLT-0574;0347;corrente;63295.10;17-05-2024;ativa;5.000,00
CT-00325;CLT-0614;0347;CORRENTE;R$ 44.513,66;23/04/2020;Encerrada;R$ 0,00
CT-00633;CLT-0552;0001;Corrente;54.195,96;25/04/23;Ativa;R$ 0,00
CT-00348;CLT-0716;0001;SALÁRIO;R$ 49.711,40;2023-08-03;Ativa;1000.00
CT-00807;CLT-0304;1200;corrente;R$ 82063.11;23/03/2023;Ativa;0.00
CT-00162;CLT-0673;1200;Poupança;74957.25;27/02/2018;Ativa;10.000,00
CT-00460;CLT-0681;0347;Corrente;8744.20;20/10/2022;Bloqueada;R$ 0,00
CT-00274;CLT-0597;1200;poupança;R$ 42.612,23;06-mar-2023;ativa;5000.00
CT-00443;CLT-0375;0034;poupança;R$ 18584.84;31-10-2020;Ativa;1.000,00
CT-00467;CLT-0781;1200;Salário;8.184,16;17/11/23;encerrada;R$ 500,00
CT-00778;CLT-0821;0001;CORRENTE;(45.774,73);04/01/2015;ativa;500,00
CT-00532;CLT-0117;1200;Corrente;74.087,20;21-jun-2016;ativa;10.000,00
CT-00463;CLT-0732;0102;Poupança;R$ 25.602,94;01-09-2025;Ativa;R$ 0,00
CT-00516;CLT-0028;1200;poupança;11.548,00;2018-03-16;ATIVA;R$ 5.000,00
CT-00751;clt-0607;0347;CORRENTE;61220.14;11-11-2016;Bloqueada;0,00
CT-00488;CLT-0666;0034;Corrente;R$ 15.775,70;13-11-2021;Ativa;R$ 1.000,00
CT-00539;CLT-0679;0347;PP;R$ 27.032,09;11/03/2026;ATIVA;R$ 0,00
CT-00285;CLT-0186;1200;Poupança;R$ 57.283,62;2025-01-15;ATIVA;2.500,00
CT-00175;CLT-0090;1200;POUPANÇA;sem info;2022-04-18;encerrada;-
CT-00125;CLT-0512;0102;corrente;24300,74;27-03-2025;ativa;R$ 0,00
CT-00340;CLT-0010;0521;SALÁRIO;-;2017-04-04;Ativa;10.000,00
CT-00075;CLT-0534;0347;CORRENTE;38.043,22;02/04/25;Ativa;R$ 1000.00
CT-00493;CLT-0744;0521;CORRENTE;4252.73;27/09/2019;Ativa;0,00
CT-00847;CLT-0727;0034;Corrente;R$ 2.973,29;2018-01-16;bloqueada;R$ 2.500,00
CT-00273;CLT-0688;0034;CORRENTE;68.268,92;19/10/2024;ativa;
CT-00938;CLT-0647;0034;Salário;R$ 14.635,97;2022-11-19;Ativa;0.00
CT-00164;CLT-0701;1200;poupanca;R$ 39.959,06;03/02/2016;Ativa;R$ 0,00
CT-00094;CLT-0561;0001;Salário;41319.98;15/01/2025;Ativa;R$ 5.000,00
CT-00894;CLT-0756;0521;Corrente;27.013,66;19/07/2016;Ativa;5000.00
CT-00252;CLT-0482;1200;c/c;R$ 23.860,35;2020-02-15;Bloqueada;500.00
CT-00283;CLT-0034;0034;Corrente;47.833,53;19/04/2015;Ativa;R$ 500.00
CT-00407;CLT-0190;0001;Poupança;R$ 9.288,97;12/02/2024;Bloqueada;500,00
CT-00688;CLT-0284;0521;Corrente;13.680,64;23/02/2017;;R$ 500.00
CT-00288;CLT-0185;0034;POUPANÇA;R$ 27.971,96;03-01-2020;Ativa;R$ 0,00
CT-00220;CLT-0518;0102;corrente;33188.66;09/09/2023;Ativa;5.000,00
CT-00277;CLT-0489;0347;corrente;17.060,20;2023-02-10;;0,00
CT-00417;CLT-0437;0347;CORRENTE;417.17;28/07/26;ATIVA;2.500,00
CT-00859;CLT-0255;0001;corrente;(9.455,09);2025-04-11;Ativa;sem info
CT-00826;CLT-0425;0521;corrente;R$ 37669.56;03/04/2020;encerrada;5.000,00
CT-00170;CLT-0807;0034;Corrente;R$ 46.260,44;2025-12-19;ativa;R$ 10.000,00
CT-00838;CLT-0584;0001;corrente;R$ 33.746,73;13/04/2025;Ativa;1000.00
CT-00013;clt-0811;0001;Conta Salário;40.446,67;07-05-2021;Ativa;0.00
CT-00204;CLT-0370;0102;Poupança;27487.79;03/04/2026;Ativa;R$ 5.000,00
CT-00439;CLT-0469;1200;Corrente;R$ 50.925,30;06/02/2026;Ativa;10000.00
CT-00031;CLT-0051;0347;salario;R$ 59587.59;05/08/2019;Bloqueada;2500.00
CT-00914;CLT-0746;0521;poupança;R$ 55.726,12;2021-05-18;encerrada;R$ 500,00
CT-00711;CLT-0862;0347;Corrente;66719,52;08/09/15;Ativa;R$ 2.500,00
CT-00867;CLT-0410;0001;poupanca;11.469,29;03/03/2024;Ativa;0,00
CT-00372;CLT-0791;0034;CORRENTE;39.045,35;2018-12-26;bloqueada;R$ 500,00
CT-00870;CLT-0828;0521;Salário;R$ 59724.57;01/01/20;Ativa;1000.00
CT-00028;CLT-0362;0034;corrente;R$ 54.520,12;16/04/24;ATIVA;500,00
CT-00552;CLT-0500;0001;Corrente;21.641,93;2023-09-08;bloqueada;0.00
CT-00744;CLT-0104;0347;poupança;8069.35;2019-01-12;Encerrada;R$ 10.000,00
CT-00878;clt-0314;0102;Poupança;R$ 33.577,91;26-07-2024;encerrada;2.500,00
CT-00320;clt-0011;0347;c/c;57.683,01;2019-09-01;Ativa;1.000,00
CT-00844;CLT-0241;0001;salário;R$ 51.146,31;11-01-2021;encerrada;0,00
CT-00576;CLT-0753;0001;c/c;26.692,95;2020-04-08;bloqueada;R$ 2.500,00
CT-00729;CLT-0252;0347;Corrente;84926,85;04/06/2016;Ativa;10000,00
CT-00158;CLT-0550;0347;corrente;536,34;2019-07-15;Ativa;R$ 500,00
CT-00126;CLT-0744;0034;poupança;10.076,15;11/04/21;Ativa;R$ 500,00
CT-00760;CLT-0091;0102;POUPANCA;54446.17;20/05/15;Ativa;1000.00
CT-00453;CLT-0250;0347;poupança;R$ 82.314,30;01/04/2018;Ativa;0.00
CT-00784;clt-0615;0521;Corrente;58.592,54;12-abr-2016;Ativa;10000,00
CT-00196;CLT-0563;0034;Poupança;(27.922,33);2017-03-11;encerrada;2.500,00
CT-00070;clt-0182;0102;Corrente;R$ 3395.31;2016-12-04;Ativa;R$ 1.000,00
CT-00146;CLT-0590;0102;Corrente;;06-01-2026;encerrada;500,00
CT-00329;CLT-0731;0521;CC;R$ 37.427,60;06/04/2017;ativa;5.000,00
CT-00887;CLT-0161 ;1200;Corrente;R$ 62.429,60;01/11/19;Ativa;5000.00
CT-00161;CLT-0217;0102;Poupança;R$ 41.396,22;30-nov-2023;Ativa;5.000,00
CT-00896;CLT-0222;0034;PP;74.044,19;2024-10-19;Encerrada;500,00
CT-00639;CLT-0826;0102;Corrente;65350.94;2024-12-14;Encerrada;1000.00
CT-00177;CLT-0008;0001;Conta Salário;R$ 32.322,68;18/05/26;Ativa;R$ 2500.00
CT-00367;CLT-0587;0001;corrente;R$ 38.685,75;2016-10-13;Ativa;R$ 0,00
CT-00380;CLT-0468;0034;corrente;73156.44;2024-09-09;Ativa;10.000,00
CT-00540;CLT-0808;0001;Corrente;R$ 41.181,41;2018-10-27;Bloqueada;10.000,00
CT-00097;CLT-0241;0034;Corrente;R$ 60565.77;2020-03-15;ativa;1.000,00
CT-00259;CLT-0398;0347;CC;52403.89;13/01/2020;Ativa;500,00
CT-00603;CLT-0532;1200;poupança;R$ 56442.46;2018-06-12;Ativa;2500,00
CT-00550;CLT-0049;0102;c/c;78619,33;06/10/2017;ativa;2500.00
CT-00804;CLT-0215;0102;corrente;7047.40;13/11/2018;;1000.00
CT-00513;CLT-0457;0034;Corrente;67.933,90;11-mar-2023;Bloqueada;
CT-00668;CLT-0832;0034;corrente;13.968,16;19/08/15;Ativa;R$ 1.000,00
CT-00869;CLT-0043;0034;corrente;R$ 74.611,33;09/09/2020;Bloqueada;2500.00
CT-00776;CLT-0775;0521;poupanca;20374.67;17/08/2021;Ativa;10.000,00
CT-00450;CLT-0339;0001;Corrente;R$ 37182.47;07/07/2017;Ativa;10000,00
CT-00611;CLT-0007;0034;CORRENTE;79.859,66;2024-04-14;encerrada;0.00
CT-00132;CLT-0370;0001;Corrente;R$ 46.527,57;08/02/2023;Ativa;R$ 5.000,00
CT-00226;CLT-0196;0347;Poupança;R$ 83498.92;21-jun-2026;ativa;R$ 10.000,00
CT-00156;CLT-0513;0001;CORRENTE;R$ 26.334,07;2021-06-13;ATIVA;5.000,00
CT-00048;clt-0378;0347;CORRENTE;54202.84;2017-06-25;ativa;500,00
CT-00483;CLT-0228;1200;poupanca;R$ 8.670,22;26/08/2016;Ativa;R$ 500,00
CT-00023;CLT-0319;0102;Salário;68851.65;04/08/2020;ATIVA;R$ 1.000,00
CT-00381;CLT-0455;1200;CC;64.790,98;24/07/2016;Ativa;10000.00
CT-00300;CLT-0719;1200;PP;R$ 72.338,30;15/02/17;ATIVA;R$ 1.000,00
CT-00524;CLT-0833;0521;Conta Salário;50.239,54;10/09/2020;Ativa;R$ 5000.00
CT-00003;CLT-0572;0034;Corrente;sem info;30/03/2016;Bloqueada;0.00
CT-00334;clt-0279;0001;CC;84.549,64;20-12-2024;;5.000,00
CT-00503;CLT-0082;1200;PP;31104.99;20/08/2017;Ativa;1000.00
CT-00046;CLT-0356;0034;poupança;45467.17;06/06/2023;Ativa;-
CT-00163;CLT-0126;1200;poupanca;35.314,44;2025-07-21;ATIVA;500,00
CT-00378;CLT-0579;0102;POUPANCA;-;2026-07-19;ativa;R$ 500,00
CT-00631;CLT-0604;0347;corrente;R$ 4.087,29;18/03/2020;Ativa;5000,00
CT-00948;clt-0212;0347;corrente;R$ 43842.69;28/01/2026;Ativa;R$ 1.000,00
CT-00072;CLT-0383;0001;Poupança;R$ 67.761,97;2017-04-20;Encerrada;500,00
CT-00931;CLT-0735;0347;CORRENTE;76.479,02;20/08/2017;Bloqueada;R$ 1000.00
CT-00618;CLT-0052;0347;c/c;R$ 37.718,49;2025-07-11;Ativa;2500.00
CT-00079;CLT-0459;0521;poupança;54533.62;2026-01-25;ATIVA;2500.00
CT-00802;CLT-0038;0001;Poupança;34243.09;20/02/18;ATIVA;5000.00
CT-00346;CLT-0388;0001;salário;31174,33;26/01/2022;Ativa;-
CT-00256;CLT-0521 ;0521;Poupança;33889,49;06-out-2021;Ativa;R$ 5.000,00
CT-00718;CLT-0066 ;0521;POUPANÇA;R$ 21.760,75;2020-07-05;Ativa;1.000,00
CT-00385;CLT-0212;0102;poupança;55353.80;06-05-2025;ativa;R$ 1000.00
CT-00915;CLT-0717;1200;Corrente;R$ 6348.73;28/12/2024;Encerrada;0.00
CT-00022;CLT-0199;1200;CORRENTE;18466.56;2025-08-22;ATIVA;R$ 1.000,00
CT-00471;CLT-0691;0001;Corrente;57.314,67;2025-11-05;encerrada;5000,00
CT-00053;CLT-0124;1200;salario;79203.20;02/12/2018;ativa;0,00
CT-00787;CLT-0189;0001;CORRENTE;-564.61;04/07/2015;;R$ 0,00
CT-00577;CLT-0172;0034;corrente;R$ 21.133,80;28-05-2019;ativa;R$ 2500.00
CT-00677;CLT-0120;0102;Corrente;53807.68;2023-05-11;Bloqueada;2500.00
CT-00087;CLT-0368 ;0001;Corrente;62.972,10;26-05-2019;Ativa;500.00
CT-00456;CLT-0396;0347;Corrente;R$ 76.612,17;2016-12-03;Ativa;0.00
CT-00363;CLT-0391;0521;CC;R$ 80.788,84;16/04/2020;Ativa;500,00
CT-00574;CLT-0387;0347;Corrente;R$ 6246.40;23-06-2024;ativa;R$ 2.500,00
CT-00319;CLT-0129;0001;Corrente;19.649,29;2016-08-10;Ativa;R$ 2500.00
CT-00537;CLT-0336;1200;Poupança;70.171,24;22-02-2021;Encerrada;R$ 2500.00
CT-00929;CLT-0496;0034;corrente;R$ 29.817,11;19-09-2019;ativa;0,00
CT-00922;CLT-0736;0034;corrente;R$ 9.799,08;06-12-2020;ATIVA;R$ 2500.00
CT-00556;CLT-0479;1200;salário;69.375,59;13/07/2015;Ativa;2.500,00
CT-00299;CLT-0574;0034;Corrente;R$ 84.201,74;17/04/2021;ATIVA;R$ 10000.00
CT-00580;CLT-0270;0347;Corrente;R$ 50.621,38;2025-08-04;;0,00
CT-00698;CLT-0562;0001;corrente;56602,41;17/05/2026;Ativa;R$ 500,00
CT-00446;CLT-0129 ;0034;CORRENTE;R$ 51185.59;10/06/2016;Ativa;5.000,00
CT-00165;CLT-0507;0034;poupança;72405,39;09/03/2025;Encerrada;R$ 500,00
CT-00251;CLT-0031;0102;POUPANCA;74.400,00;2020-09-25;ATIVA;0.00
CT-00312;CLT-0836;0034;Salário;R$ 34.744,19;20-06-2019;Ativa;2500.00
CT-00293;CLT-0619;0347;corrente;R$ 64.166,04;07-08-2020;ativa;5000,00
CT-00227;CLT-0062;0347;POUPANÇA;(9.838,37);2023-07-16;Ativa;10000.00
CT-00816;CLT-0481;0102;Corrente;49276.83;19-04-2018;Ativa;500,00
CT-00602;CLT-0811;0521;SALÁRIO;R$ 55561.49;30-09-2024;Ativa;500,00
CT-00026;CLT-0232;0102;Poupança;R$ 31.345,54;2022-04-30;Ativa;R$ 500,00
CT-00119;CLT-0600;0102;Poupança;R$ 66481.72;2025-08-13;Ativa;R$ 2.500,00
CT-00195;CLT-0102;0001;CC;53251.48;24/12/2018;Ativa;R$ 2.500,00
CT-00221;CLT-0453;0001;c/c;51.603,10;29/01/2023;ativa;R$ 0,00
CT-00815;CLT-0605;0034;Corrente;R$ 22.828,91;2016-06-08;Ativa;0,00
CT-00534;CLT-0649;0521;corrente;80.107,93;18/07/18;Ativa;R$ 500.00
CT-00783;CLT-0246;1200;corrente;R$ 75.569,97;26-07-2026;ativa;0,00
CT-00861;CLT-0816;0034;CORRENTE;32171,21;24-06-2021;Ativa;10000,00
CT-00011;clt-0040;0347;Corrente;R$ 83.536,37;11/05/25;ativa;10000,00
CT-00475;clt-0660;0521;corrente;55.005,18;2018-06-08;Ativa;R$ 5.000,00
CT-00529;CLT-0552;0347;Corrente;73.798,82;12/01/2022;encerrada;R$ 10.000,00
CT-00695;CLT-0087;0034;corrente;R$ 19840.79;01-nov-2015;Bloqueada;500.00
CT-00498;CLT-0737;0102;corrente;R$ 441,42;26-nov-2016;bloqueada;R$ 1000.00
CT-00563;CLT-0127;0347;Poupança;R$ 24.882,05;2023-09-25;Ativa;500,00
CT-00940;CLT-0160;0034;poupança;16.402,30;13/07/2015;Ativa;R$ 0,00
CT-00383;CLT-0725;0034;POUPANÇA;66944.79;02-07-2021;Ativa;1.000,00
CT-00636;CLT-0229;0521;Poupança;R$ 26031.16;2018-10-30;Ativa;R$ 1.000,00
CT-00715;CLT-0640;0001;corrente;9.596,63;2020-04-13;ATIVA;2.500,00
CT-00220;CLT-0518;0102;corrente;33188.66;09/09/2023;Ativa;5.000,00
CT-00377;CLT-0822;0521;Corrente;R$ 2.549,51;18/08/2022;Ativa;5000.00
CT-00134;CLT-0383;0034;Corrente;(60.165,91);16/11/2018;Ativa;10000.00
CT-00254;CLT-0255;0102;CORRENTE;51582.25;2022-11-07;Ativa;500,00
CT-00185;CLT-0870;1200;poupança;50534.70;2021-11-08;Ativa;500,00
CT-00779;CLT-0407;0347;poupança;52371.95;31/07/2016;Ativa;R$ 5.000,00
CT-00074;clt-0158;1200;Poupança;R$ 23.922,44;15-10-2021;Bloqueada;2500.00
CT-00435;CLT-0395;0102;Corrente;R$ 5224.91;24/09/2022;encerrada;0,00
CT-00549;CLT-0415;1200;Corrente;(46.443,35);12-11-2015;Ativa;2500,00
CT-00200;CLT-0643;0521;Corrente;(55.780,74);25/10/2019;Ativa;R$ 10.000,00
CT-00406;clt-0798;0001;Corrente;R$ 7.414,62;27-03-2022;Ativa;0,00
CT-00629;CLT-0158;0102;POUPANÇA;R$ 57.364,45;25/02/2015;Ativa;R$ 0,00
CT-00661;CLT-0515;0521;Corrente;R$ 5.805,70;2015-02-27;ATIVA;0,00
CT-00017;CLT-0641;0001;Corrente;1544.76;04/06/2024;Ativa;R$ 5000.00
CT-00798;CLT-0253;0001;poupança;71625.25;03-06-2017;Ativa;2.500,00
CT-00736;CLT-0749;0034;Conta Salário;46517,58;09-08-2015;Ativa;500.00
CT-00130;CLT-0771;1200;CC;R$ 60.102,01;13/03/2019;Ativa;R$ 1.000,00
CT-00183;CLT-0009;1200;corrente;27.119,75;2019-06-10;Ativa;R$ 500,00
CT-00037;CLT-0348;0034;Corrente;R$ 10.606,73;2024-02-02;Ativa;2500.00
CT-00082;CLT-0067;1200;Corrente;13.064,66;2020-03-31;ativa;1000.00
CT-00415;CLT-0025;0521;Corrente;13.396,36;2020-06-08;Ativa;0,00
CT-00061;CLT-0217;0034;corrente;3.512,10;21/04/2025;encerrada;R$ 5.000,00
CT-00841;CLT-0343;0102;corrente;71531.07;05/07/2017;ATIVA;0.00
CT-00290;CLT-0455;0347;CC;sem info;2025-12-18;Ativa;0,00
CT-00766;CLT-0298;0347;corrente;R$ 15.090,87;2015-07-18;Ativa;R$ 10.000,00
CT-00044;CLT-0114;1200;POUPANÇA;56996,63;22/07/2025;Bloqueada;10000,00
CT-00113;CLT-0873;0102;Corrente;R$ 74.092,18;13/10/2020;Ativa;R$ 0,00
CT-00154;CLT-0683;0001;Poupança;23.461,33;2017-03-19;Ativa;R$ 10.000,00
CT-00494;CLT-0053;1200;Corrente;R$ 10.089,54;11/09/2021;Ativa;2.500,00
CT-00487;CLT-0872;0521;Poupança;R$ 36.799,68;2020-07-11;ATIVA;500,00
CT-00901;CLT-0063;1200;Salário;-;21/01/21;ativa;N/A
CT-00630;CLT-0765;1200;CORRENTE;35580.33;2025-07-02;ATIVA;R$ 10000.00
CT-00941;CLT-0839;0521;Corrente;2898.84;2025-05-07;ativa;5.000,00
CT-00785;CLT-0305 ;1200;poupança;R$ 13871.45;24/02/2017;ATIVA;R$ 1000.00
CT-00782;CLT-0598;0102;c/c;69253.06;25/12/2016;ATIVA;500.00
CT-00561;CLT-0753;0034;poupanca;16.423,58;2023-08-01;ativa;R$ 5.000,00
CT-00774;CLT-0321;0347;poupança;R$ 9.283,50;11/05/17;Ativa;2500.00
CT-00167;CLT-0223;0034;Poupança;R$ 11.120,15;18-jan-2017;Ativa;R$ 0,00
CT-00434;CLT-0003;0001;CORRENTE;N/A;09/04/2019;Ativa;R$ 1.000,00
CT-00789;CLT-0561;0034;Corrente;54664.78;16-02-2021;Ativa;1000.00
CT-00792;CLT-0633;0001;PP;R$ 19.361,51;29/04/2026;Encerrada;1000,00
CT-00468;CLT-0150;0521;corrente;23212.08;2020-11-13;Ativa;500,00
CT-00582;CLT-0400;0001;CORRENTE;34360,94;31/01/2020;;1.000,00
CT-00714;CLT-0616;0521;Corrente;R$ 65.703,09;09/11/2021;Ativa;N/A
CT-00294;CLT-0471;0521;Corrente;55339,14;2019-07-16;ATIVA;R$ 500.00
CT-00810;clt-0263;0034;CC;18251,21;20/05/2015;bloqueada;1000.00
CT-00942;CLT-0450;0034;Conta Salário;61791.66;09/01/2019;;-
CT-00544;CLT-0484;0347;POUPANÇA;R$ 33.472,68;15/11/2016;Ativa;0.00
CT-00121;CLT-0374;0347;PP;46716,30;2015-06-19;ativa;R$ 500,00
CT-00212;clt-0818;0034;Corrente;R$ 83.702,89;2024-11-16;ATIVA;R$ 500,00
CT-00765;CLT-0535;0347;Salário;40133.66;27/05/2025;Ativa;0,00
CT-00851;CLT-0601;1200;SALÁRIO;N/A;16/09/2025;ativa;R$ 2.500,00
CT-00872;CLT-0232;0102;Poupança;R$ 50540.66;17-02-2021;ativa;R$ 5.000,00
CT-00066;clt-0512;1200;corrente;R$ 73.681,83;14/08/2018;Bloqueada;1000,00
CT-00466;CLT-0666;0034;Corrente;2.509,44;11/07/2021;Encerrada;2500,00
CT-00399;CLT-0455;1200;corrente;R$ 48.001,25;26/08/24;encerrada;500,00
CT-00928;CLT-0027;0034;Poupança;24990.58;08/01/2016;ativa;500,00
CT-00705;CLT-0073;0102;PP;66118,93;27/09/2025;Ativa;10000.00
CT-00316;CLT-0173;0102;Corrente;10.796,47;19/08/2021;ATIVA;10000,00
CT-00545;CLT-0083;0347;salário;(44.477,39);13/08/2020;Bloqueada;R$ 1000.00
CT-00291;CLT-0273;0347;Corrente;R$ 74538.90;09/09/25;Ativa;10.000,00
CT-00341;CLT-0172;0102;Corrente;R$ 3787.98;12/06/2026;ATIVA;R$ 2.500,00
CT-00832;CLT-0051;0034;Corrente;R$ 69.380,77;30/06/2018;Encerrada;R$ 1.000,00
CT-00702;CLT-0874;0521;Corrente;19.852,87;2015-03-20;Bloqueada;R$ 2.500,00
CT-00609;CLT-0528;0034;c/c;11807.89;2015-08-04;ATIVA;2500.00
CT-00652;CLT-0832;0001;CORRENTE;R$ 5.540,59;18/04/2024;Encerrada;R$ 1.000,00
CT-00831;CLT-0064;1200;corrente;83114.96;19/05/2026;Ativa;R$ 10000.00
CT-00479;CLT-0353;0034;CORRENTE;R$ 7.661,13;2026-02-21;Ativa;R$ 2.500,00
CT-00100;CLT-0285;0001;Corrente;R$ 27388.48;26-03-2025;Encerrada;R$ 500,00
CT-00647;CLT-0538 ;0347;corrente;12761.74;20/06/2026;Ativa;R$ 10.000,00
CT-00667;CLT-0164;0347;CORRENTE;23498,66;18/08/2021;Ativa;0.00
CT-00533;CLT-0095;0347;CORRENTE;R$ 17.906,51;2019-10-12;Bloqueada;500,00
CT-00701;CLT-0530;0347;c/c;77399.63;21/03/2024;bloqueada;500,00
CT-00176;CLT-0195;0001;Corrente;11532,21;02/09/2020;Ativa;10000.00
CT-00735;CLT-0324;0102;PP;R$ 21.253,21;2020-09-13;Ativa;0,00
CT-00669;CLT-0379;0001;Salário;R$ 665,06;29/12/2024;Ativa;R$ 500,00
CT-00903;CLT-0639;1200;corrente;R$ 49677.56;2016-01-22;ativa;R$ 0,00
CT-00949;CLT-0031;1200;corrente;;2018-10-19;Bloqueada;2500.00
CT-00414;CLT-0507;0347;Corrente;14632.20;13/11/19;Ativa;sem info
CT-00505;CLT-0235;0521;Corrente;R$ 2567.19;11/09/20;Ativa;1.000,00
CT-00786;CLT-0073;0521;POUPANÇA;27.003,87;10/10/2020;Ativa;0,00
CT-00955;CLT-0143;0347;Corrente;45.299,59;03/10/2023;Encerrada;2.500,00
CT-00040;CLT-0289;0034;POUPANÇA;38.894,53;05-06-2017;Ativa;-
CT-00050;CLT-0286;0034;Poupança;73.831,26;17/07/2015;Ativa;10000.00
CT-00624;CLT-0286;0001;Corrente;R$ 76.802,87;30/12/2019;;10000,00
CT-00840;CLT-0272;1200;CORRENTE;R$ 8038.55;02/07/2018;Ativa;500,00
CT-00091;CLT-0539;0034;corrente;24380.65;10/09/2017;ativa;500,00
CT-00208;clt-0373;0001;corrente;53328,22;2016-12-27;Ativa;10.000,00
CT-00216;CLT-0465;0347;corrente;73320,57;18/07/2018;Bloqueada;0,00
CT-00101;clt-0703;0347;Corrente;56766.88;2022-02-26;Ativa;R$ 5.000,00
CT-00723;CLT-0284;1200;Corrente;81831,00;19/07/2022;bloqueada;R$ 500,00
CT-00676;clt-0753;0102;CORRENTE;R$ 50.164,22;24/10/22;Bloqueada;sem info
CT-00250;CLT-0743;0347;Poupança;R$ 70668.45;21-08-2020;;R$ 500,00
CT-00117;CLT-0543;0034;Corrente;51053.57;18/04/2019;;1.000,00
CT-00139;CLT-0423;0034;CORRENTE;R$ 27.172,71;19/11/2015;Encerrada;500.00
CT-00358;clt-0153;0001;CORRENTE;34.009,64;30/05/2024;Bloqueada;2500,00
CT-00694;CLT-0696;0521;PP;11437,96;29/08/2015;Ativa;R$ 5.000,00
CT-00806;CLT-0422;0001;CORRENTE;R$ 52.970,49;13/07/2023;ativa;10000,00
CT-00172;CLT-0700;0001;Poupança;R$ 20.797,40;03/10/2022;Ativa;R$ 10.000,00
CT-00073;CLT-0277;0521;Poupança;42407.57;2019-04-02;Bloqueada;1000,00
CT-00076;CLT-0427;0001;c/c;24918.55;18/02/2017;ATIVA;0,00
CT-00295;CLT-0229;1200;Poupança;R$ 80893.71;19/09/2022;Ativa;R$ 10.000,00
CT-00337;CLT-0684;0034;Conta Salário;R$ 70956.91;2022-12-14;ativa;R$ 5.000,00
CT-00411;CLT-0373;1200;corrente;R$ 75787.61;31/10/2016;ativa;2500.00
CT-00361;CLT-0223;1200;Salário;R$ 19.488,35;30/03/22;ativa;500,00
CT-00567;CLT-0560;0102;Corrente;R$ 41.218,90;09-09-2025;Ativa;5.000,00
CT-00643;CLT-0135;1200;Corrente;R$ 4077.53;2024-09-13;Ativa;R$ 10.000,00
CT-00745;CLT-0646;0001;salário;R$ 31.826,82;2025-12-17;Ativa;R$ 500,00
CT-00663;CLT-0664;0521;corrente;84265.35;12-03-2026;Ativa;
CT-00127;CLT-0404;0001;Corrente;68873.86;28-03-2021;Ativa;R$ 2.500,00
CT-00210;CLT-0083;0102;Corrente;R$ 8375.99;2024-02-16;Ativa;10.000,00
CT-00748;CLT-0839;0102;Corrente;8.936,55;20/08/2025;ativa;R$ 2.500,00
CT-00397;CLT-0413;0521;poupança;;2024-06-06;Ativa;2500,00
CT-00452;CLT-0588;1200;Corrente;49.882,15;2023-03-14;Ativa;1000,00
CT-00238;CLT-0039;0102;CORRENTE;R$ 4.687,96;15/07/25;ATIVA;500,00
CT-00645;CLT-0718;1200;corrente;52.973,01;24/04/24;ativa;1000.00
CT-00447;CLT-0433;0034;Salário;45.830,18;20/07/2017;Encerrada;R$ 2500.00
CT-00814;CLT-0027;1200;c/c;27.863,37;2015-11-15;ATIVA;1.000,00
CT-00813;CLT-0214;1200;corrente;61758.96;24/06/2021;Ativa;1.000,00
CT-00913;CLT-0670;0001;POUPANÇA;18.740,99;20/01/2015;ATIVA;1.000,00
CT-00187;CLT-0052;1200;CORRENTE;31811.55;2015-02-09;Ativa;5000.00
CT-00344;CLT-0443;1200;Corrente;R$ 18.002,28;2017-07-22;ativa;R$ 2500.00
CT-00650;CLT-0525;0347;CC;382,88;2018-09-22;Ativa;R$ 10000.00
CT-00359;CLT-0647;0102;poupanca;24.030,55;02/04/2017;Encerrada;sem info
CT-00275;CLT-0016;0347;CORRENTE;33818.48;09-10-2015;ativa;2.500,00
CT-00904;CLT-0502;0347;c/c;R$ 69.835,22;25/07/15;ativa;0,00
CT-00535;clt-0268;1200;Corrente;R$ 71566.64;08/01/22;Ativa;R$ 1.000,00
CT-00773;CLT-0319;0034;POUPANÇA;R$ 7.056,19;2016-10-13;Encerrada;5.000,00
CT-00761;CLT-0696;0034;PP;51836.19;27/02/2018;ativa;R$ 10.000,00
CT-00569;CLT-0595;0521;POUPANÇA;6.186,62;2026-05-16;Ativa;10000,00
CT-00422;CLT-0092;0102;corrente;1440,89;05/10/15;Ativa;5.000,00
CT-00031;CLT-0051;0347;salario;R$ 59587.59;05/08/2019;Bloqueada;2500.00
CT-00653;CLT-0465;0001;Corrente;R$ 27.610,89;2025-04-23;;500.00
CT-00263;CLT-0317;0034;corrente;R$ 591,79;10/11/2017;Ativa;R$ 5.000,00
CT-00671;CLT-0392;0001;SALÁRIO;20.224,93;12/11/20;Ativa;0.00
CT-00219;CLT-0348;1200;CORRENTE;R$ 22.771,65;17/09/2021;ATIVA;10000.00
CT-00318;CLT-0252;0347;Corrente;R$ 82.777,26;16/05/2017;ativa;0,00
CT-00317;CLT-0403;0001;c/c;46.687,45;2024-03-19;Ativa;R$ 0,00
CT-00077;CLT-0223;0001;poupanca;R$ 18.134,47;24/10/2017;ativa;10000,00
CT-00957;CLT-0751;0521;corrente;R$ 28.272,24;07/02/2024;Ativa;
CT-00482;CLT-0870;1200;POUPANÇA;50682.08;2019-02-01;Ativa;2.500,00
CT-00060;CLT-0450;0001;corrente;58.113,28;15/04/2025;encerrada;R$ 0.00
CT-00098;CLT-0710;0521;Poupança;43239,28;21-02-2026;ATIVA;2.500,00
CT-00874;CLT-0365;0102;CORRENTE;R$ 36.633,30;07-abr-2019;Ativa;1.000,00
CT-00717;CLT-0764;0102;PP;20.286,05;24/09/2021;Ativa;R$ 10.000,00
CT-00564;CLT-0438;0347;corrente;R$ 25072.76;19/08/2017;Ativa;5.000,00
CT-00882;clt-0703;0034;c/c;40.801,63;02/04/2015;ativa;5000.00
CT-00083;CLT-0674;0347;Corrente;30866.09;2024-07-25;Ativa;2500,00
CT-00625;CLT-0109;1200;PP;-195,84;05/11/2021;Ativa;R$ 1.000,00
CT-00339;CLT-0102;0521;CORRENTE;R$ 84970.34;06/07/2025;Bloqueada;R$ 2.500,00
CT-00224;CLT-0651 ;0347;corrente;sem info;2021-12-10;Ativa;500.00
CT-00058;CLT-0434;0034;CORRENTE;R$ 40.458,97;2024-01-17;Ativa;10.000,00
CT-00419;CLT-0655;0521;corrente;23195.61;2026-04-06;Encerrada;0.00
CT-00764;CLT-0811;0521;Corrente;R$ 4.836,63;2019-08-05;Ativa;1.000,00
CT-00891;CLT-0860;0001;Corrente;21.071,28;20/06/2016;encerrada;1.000,00
CT-00362;CLT-0038;0521;salario;56.591,28;2017-10-20;ATIVA;0,00
CT-00937;CLT-0344;1200;CORRENTE;37467.56;2016-05-14;ATIVA;2500.00
CT-00365;CLT-0876;0521;CORRENTE;R$ 29.249,78;03/06/2021;Ativa;500.00
CT-00133;CLT-0461;0521;CORRENTE;R$ 14367.38;16/08/2022;ativa;500.00
CT-00557;clt-0193;0102;salário;75996.74;04/01/2026;Bloqueada;R$ 2.500,00
CT-00641;CLT-0757;0347;PP;83.639,50;27-02-2023;Encerrada;10.000,00
CT-00690;CLT-0091;0347;Poupança;24.704,49;20/04/2015;ATIVA;R$ 2.500,00
CT-00059;CLT-0378;0001;Poupança;16.839,98;2020-06-24;Ativa;1000.00
CT-00623;CLT-0549;0001;Poupança;79592,61;2020-05-19;Encerrada;2500.00
CT-00687;CLT-0088;1200;Corrente;(62.637,28);21/02/2020;Ativa;10.000,00
CT-00960;CLT-0742;1200;Corrente;R$ 69.532,36;12/07/20;Ativa;10.000,00
CT-00289;CLT-0425 ;0521;POUPANÇA;49380.12;09-01-2018;Encerrada;R$ 500,00
CT-00345;CLT-0343;0034;poupanca;38.306,66;20-set-2015;Bloqueada;R$ 2.500,00
CT-00489;CLT-0500;0102;Corrente;R$ 54.376,03;2017-04-08;Ativa;N/A
CT-00780;CLT-0585;0102;POUPANÇA;R$ 80.166,59;09-jul-2016;Ativa;R$ 5.000,00
CT-00129;CLT-0602;0102;Conta Salário;36.205,92;04/02/2019;Ativa;R$ 500,00
CT-00613;CLT-0760;1200;PP;61217.33;20/06/2022;;R$ 1.000,00
CT-00233;CLT-0084;0001;Corrente;55537,49;11/07/15;Ativa;500,00
CT-00051;CLT-0477;0001;corrente;38.112,76;2017-05-11;Bloqueada;2500.00
CT-00749;CLT-0441;0001;CORRENTE;R$ 51.623,88;19/04/2025;Ativa;-
CT-00240;clt-0145;0521;Poupança;43.630,88;2019-01-10;Ativa;R$ 1000.00
CT-00303;CLT-0731;0521;PP;2722,22;14/01/2022;Ativa;R$ 10.000,00
CT-00115;CLT-0435;0347;CC;68926.44;09/09/2017;Ativa;R$ 2.500,00
CT-00917;CLT-0694;1200;Poupança;R$ 60.005,92;09/05/2016;ativa;R$ 0,00
CT-00106;clt-0838;0102;Poupança;8.419,58;2026-01-11;ativa;0,00
CT-00401;CLT-0259;0521;c/c;R$ 46.821,35;2025-12-01;Ativa;2.500,00
CT-00673;CLT-0343;1200;Poupança;R$ 57.304,34;07/03/2024;bloqueada;R$ 5.000,00
CT-00002;CLT-0859;0001;poupanca;R$ 67.877,17;10/04/18;Ativa;10000.00
CT-00710;CLT-0314;0034;Poupança;76934,62;2018-07-19;ATIVA;R$ 5.000,00
CT-00343;clt-0360;0034;Corrente;58.887,52;21-06-2018;Ativa;R$ 10.000,00
CT-00562;CLT-0477;0347;Corrente;71.942,47;2019-06-16;Ativa;0,00
CT-00124;CLT-0697;0521;poupança;R$ 79.261,92;07/01/2023;Ativa;500,00
CT-00253;CLT-0046;1200;corrente;R$ 55777.74;09/02/2026;Ativa;10000,00
CT-00353;CLT-0664;0001;Corrente;7121.99;29/05/2015;Ativa;5000,00
CT-00373;CLT-0154;1200;CORRENTE;55.701,90;2024-12-25;Ativa;5000.00
CT-00148;CLT-0696;0347;PP;R$ -83,85;09/02/21;Ativa;0,00
CT-00120;CLT-0281;0521;CORRENTE;N/A;28/09/2024;Ativa;10000.00
CT-00015;CLT-0126;0347;Corrente;82382.74;2024-04-20;encerrada;5000,00
CT-00559;CLT-0075;1200;Corrente;38.460,07;01/10/2022;ATIVA;R$ 1.000,00
CT-00504;CLT-0112;0347;Salário;41.010,17;08/09/23;Ativa;0.00
CT-00265;CLT-0704;0102;Poupança;R$ 55.792,20;26/06/19;Ativa;10000,00
CT-00395;CLT-0148;0347;corrente;14.465,07;2018-07-07;Ativa;R$ 10.000,00
CT-00700;CLT-0171;0347;Corrente;(20.860,66);2026-02-19;Ativa;R$ 500,00
CT-00601;CLT-0262;0521;CORRENTE;(37.137,85);06/03/2016;Encerrada;R$ 2.500,00
CT-00906;CLT-0671;1200;c/c;33.729,65;26/08/2015;Ativa;500.00
CT-00387;CLT-0452;0347;CC;48518.50;19-nov-2019;Ativa;0.00
CT-00858;CLT-0037;0102;Corrente;35067,88;25-07-2019;Ativa;R$ 1000.00
CT-00768;CLT-0687;1200;Corrente;R$ 20.770,85;28/08/2020;Ativa;2.500,00
CT-00628;CLT-0740;0001;poupanca;21.851,78;02/09/2015;encerrada;5000.00
CT-00174;CLT-0072;0521;CORRENTE;R$ 7.293,19;2020-06-08;Ativa;R$ 1.000,00
CT-00825;CLT-0165;1200;CORRENTE;-200.26;01/02/20;Ativa;10000.00
CT-00568;CLT-0424;0034;CORRENTE;R$ 71274.33;2015-12-20;Ativa;R$ 0,00
CT-00092;CLT-0596;0001;Poupança;R$ 24.258,66;13-mai-2015;;5.000,00
CT-00947;CLT-0301;0034;Corrente;75087.29;10-04-2026;ATIVA;R$ 5.000,00
CT-00054;CLT-0479;1200;CORRENTE;R$ 29.271,79;20/02/2026;Ativa;R$ 2500.00
CT-00659;clt-0517;0347;Corrente;R$ 57.145,66;2020-05-29;ativa;1.000,00
CT-00458;CLT-0239;0001;corrente;R$ 5.114,97;2020-05-18;Ativa;R$ 0,00
CT-00693;CLT-0436;0001;POUPANÇA;R$ 42700.99;02/11/2024;Encerrada;1000,00
CT-00144;CLT-0003;0347;Corrente;42.034,07;17-02-2018;ATIVA;500.00
CT-00769;CLT-0788;0001;Corrente;R$ 64.222,35;07/05/2025;Ativa;1000.00
CT-00398;CLT-0512;0102;poupança;81043,25;19-09-2023;Encerrada;R$ 500.00
CT-00001;CLT-0622;0347;Corrente;R$ 50034.76;28/11/2022;Ativa;R$ 0.00
CT-00626;CLT-0560 ;1200;poupanca;R$ 40.769,96;2016-08-18;encerrada;R$ 10.000,00
CT-00542;CLT-0045 ;0521;poupança;83.201,80;18/12/2024;Ativa;R$ 500,00
CT-00908;CLT-0565;0102;salário;47389.94;07-02-2025;Ativa;R$ 10000.00
CT-00664;CLT-0570;0102;CC;27.193,95;15-07-2021;Ativa;R$ 10000.00
CT-00483;CLT-0228;1200;poupanca;R$ 8.670,22;26/08/2016;Ativa;R$ 500,00
CT-00686;CLT-0412;0347;Corrente;sem info;10/07/2019;Ativa;R$ 5.000,00
CT-00246;CLT-0072;0347;Poupança;N/A;27/04/2015;Encerrada;1000.00
CT-00384;CLT-0251;0102;Corrente;78.895,58;2022-04-23;ativa;10000.00
CT-00934;CLT-0500;0001;Corrente;R$ 17.717,66;05/06/2021;Ativa;2500.00
CT-00767;CLT-0107;0034;Corrente;20.671,15;03/01/2020;Ativa;R$ 500,00
CT-00599;CLT-0536;0102;Corrente;10.816,50;13-fev-2026;Ativa;5.000,00
CT-00916;CLT-0125;0102;Poupança;5.920,81;2015-11-06;Ativa;R$ 10.000,00
CT-00511;CLT-0711;0102;Corrente;14.101,08;22/09/2019;Ativa;2500,00
CT-00921;CLT-0052;0001;Salário;37.799,83;15/05/2023;encerrada;0,00
CT-00081;CLT-0811;0347;PP;R$ 60034.91;31/01/2018;Ativa;500,00
CT-00750;CLT-0546;1200;corrente;64647.14;2022-06-04;ativa;1.000,00
CT-00392;CLT-0483;1200;CC;71.376,81;14-01-2018;Ativa;0,00
CT-00808;CLT-0607;1200;Poupança;5780,81;09/02/20;Ativa;0,00
CT-00905;CLT-0431;0102;corrente;55.393,14;2019-09-19;ativa;1000.00
CT-00021;CLT-0139;0034;Poupança;13.805,44;06/04/2024;Ativa;R$ 0,00
CT-00464;CLT-0828;0001;c/c;R$ 37.881,81;2017-04-28;encerrada;R$ 2.500,00
CT-00232;CLT-0544;1200;Poupança;60.210,14;30/06/25;Ativa;sem info
CT-00247;CLT-0127;0034;Corrente;79.097,73;2020-09-19;Ativa;2500.00
CT-00747;CLT-0183;1200;c/c;40575.54;02/01/2021;encerrada;0,00
CT-00327;CLT-0318;1200;CORRENTE;R$ 36.937,98;02-07-2019;Bloqueada;sem info
CT-00012;CLT-0437;0001;c/c;7.773,63;14-10-2018;Ativa;2.500,00
CT-00440;CLT-0517;0034;corrente;17617,11;10/03/2019;ativa;0,00
CT-00621;CLT-0182;0102;Salário;73.862,02;2020-10-09;Ativa;1.000,00
CT-00442;CLT-0746;0521;CC;11.282,95;2019-12-25;encerrada;10000.00
CT-00084;CLT-0041;0034;SALÁRIO;54413.39;02-08-2016;Ativa;10.000,00
CT-00396;CLT-0273;0102;Corrente;;2016-02-08;;R$ 0.00
CT-00298;CLT-0648;0001;CORRENTE;R$ 67975.37;2019-09-10;ativa;1000.00
CT-00478;CLT-0597;0347;poupanca;R$ 15.845,89;27/01/2018;Ativa;10000.00
CT-00425;CLT-0067;0347;Poupança;54104.09;02-01-2024;Encerrada;10000.00
CT-00229;CLT-0363;0347;poupança;59.510,17;18/10/2024;Ativa;2500.00
CT-00114;CLT-0028;0034;corrente;54341.33;17/12/2018;Ativa;R$ 10.000,00
CT-00445;CLT-0655;1200;corrente;45647,95;24/03/17;Bloqueada;R$ 500,00
CT-00530;CLT-0498;0001;Corrente;4.280,64;2018-01-08;Ativa;R$ 1.000,00
CT-00696;CLT-0562;0034;CORRENTE;54072.28;30-11-2017;Ativa;R$ 2500.00
CT-00206;CLT-0042;0347;Poupança;R$ 41.035,68;08/06/20;ativa;500,00
CT-00638;CLT-0742;1200;Corrente;56688.34;08-nov-2016;bloqueada;2.500,00
CT-00875;CLT-0653;0102;Poupança;37.079,84;31/07/2025;Ativa;1000.00
CT-00757;CLT-0415;0034;corrente;55.206,91;30/03/2023;Ativa;R$ 1.000,00
CT-00255;CLT-0184;0001;Corrente;46635.49;2022-12-18;ATIVA;R$ 2500.00
CT-00330;CLT-0254;0001;Corrente;84.713,75;06/04/2018;Bloqueada;2500.00
CT-00799;CLT-0302;0001;corrente;R$ -2.279,02;16/10/2020;Ativa;2.500,00
CT-00110;CLT-0234;0521;poupanca;R$ 41.268,48;10/08/2018;Ativa;R$ 0,00
CT-00680;CLT-0520;0001;poupança;421.92;23-07-2025;Ativa;500.00
CT-00730;CLT-0778;0521;POUPANÇA;23987,55;17-11-2018;bloqueada;5000,00
CT-00791;CLT-0369;0001;Corrente;39.430,39;08/10/2019;bloqueada;500.00
CT-00301;CLT-0066;0034;poupanca;77679.56;2022-10-14;Ativa;R$ 0,00
CT-00379;CLT-0496;0102;salário;81377.90;31/07/2026;Ativa;R$ 0.00
CT-00716;CLT-0534;0001;c/c;42.944,19;30/08/2021;ATIVA;R$ 10.000,00
CT-00438;CLT-0129;1200;c/c;26.877,52;27-07-2021;Ativa;R$ 5000.00
CT-00830;CLT-0586;0102;Conta Salário;-2440,87;04/12/20;ativa;0.00
CT-00527;CLT-0338;0034;Poupança;71166.32;13/06/2025;ativa;5000.00
CT-00578;CLT-0232;0347;Poupança;9300,46;24-02-2021;Bloqueada;R$ 2.500,00
CT-00103;CLT-0421;0034;Corrente;2272.49;2025-04-15;Encerrada;R$ 1.000,00
CT-00587;CLT-0407;0001;Poupança;36650.52;24-08-2017;Ativa;R$ 0,00
CT-00428;CLT-0575;0001;Poupança;50.239,59;19/07/2023;Ativa;R$ 1000.00
CT-00571;CLT-0537 ;0521;corrente;11800.17;2015-07-10;Ativa;0.00
CT-00823;CLT-0515;0001;Corrente;R$ 11.553,77;2019-06-01;ATIVA;R$ 1.000,00
CT-00472;CLT-0464;0102;Poupança;-1302.06;2021-05-11;ativa;R$ 2.500,00
CT-00355;CLT-0728;0034;POUPANÇA;67676.08;15/07/2016;bloqueada;10.000,00
CT-00311;CLT-0217;1200;poupanca;R$ -1.276,24;29-05-2025;Bloqueada;5.000,00
CT-00834;CLT-0195;0001;POUPANCA;-;07/03/2019;Ativa;R$ 1.000,00
CT-00865;CLT-0750;0521;Corrente;64974.48;2022-05-21;encerrada;500.00
CT-00043;CLT-0718;1200;Poupança;64.968,53;16/04/2018;Ativa;-
CT-00565;CLT-0301;0034;SALÁRIO;51519,82;15/01/2016;Encerrada;R$ 0,00
CT-00848;CLT-0020;0034;corrente;;21-ago-2020;ATIVA;5000.00
CT-00261;clt-0785;1200;corrente;47.433,45;20-05-2015;Ativa;1000.00
CT-00607;CLT-0476 ;0034;Corrente;42364,39;2017-02-21;Encerrada;R$ 0,00
CT-00584;CLT-0439;0001;poupança;35469.71;22/02/2015;ATIVA;0,00
CT-00137;CLT-0445;0001;Corrente;R$ 12.313,75;2016-01-21;bloqueada;10.000,00
CT-00553;CLT-0475;0102;POUPANÇA;R$ 5978.82;18-08-2017;ativa;0.00
CT-00408;CLT-0731;0034;SALÁRIO;R$ 44898.95;2017-09-10;Ativa;0,00
CT-00034;CLT-0440;0347;corrente;R$ 69392.72;30-09-2025;Ativa;10000.00
CT-00927;CLT-0664;1200;CORRENTE;35515.42;11-01-2025;Ativa;R$ 500,00
CT-00145;CLT-0163;0034;Corrente;R$ 31.571,82;09/02/2015;Ativa;1.000,00
CT-00777;CLT-0258;0102;corrente;R$ 43.409,42;31/05/2024;encerrada;R$ 2.500,00
CT-00558;clt-0794;0034;Corrente;N/A;14/02/2019;Ativa;R$ 10.000,00
CT-00812;CLT-0522;0347;Corrente;15.865,87;13/12/2015;ATIVA;1000.00
CT-00497;CLT-0551;0347;Salário;72723.67;29-abr-2022;Ativa;R$ 2500.00
CT-00737;CLT-0782;1200;Corrente;-303,03;07/10/22;ativa;R$ 10000.00
CT-00924;CLT-0529;0001;corrente;73.043,92;08/02/2018;Ativa;R$ 0,00
CT-00846;CLT-0079;0034;PP;20660.24;2024-02-02;Encerrada;R$ 10.000,00
CT-00171;CLT-0352;0347;CORRENTE;17.208,67;08/03/2017;Ativa;2.500,00
CT-00708;CLT-0403;1200;Poupança;-627,72;2021-12-16;ATIVA;R$ 5000.00
CT-00649;CLT-0230;0001;POUPANÇA;67590,29;2025-07-08;ativa;R$ 2.500,00
CT-00655;CLT-0397;1200;CORRENTE;-;2015-02-28;Ativa;500.00
CT-00249;CLT-0474;1200;CORRENTE;R$ 64.569,67;24-09-2021;ativa;R$ 1000.00
CT-00217;CLT-0277;0347;Corrente;57849.93;2019-10-01;Ativa;5.000,00
CT-00267;CLT-0180;0347;Salário;R$ 42.599,39;08-02-2016;;10000.00
CT-00368;CLT-0522;0521;Corrente;4.931,62;2022-10-03;Ativa;500,00
CT-00852;CLT-0794;1200;CORRENTE;54.214,97;2026-01-23;ativa;R$ 10.000,00
CT-00644;CLT-0349 ;0521;CORRENTE;10.796,74;22/06/2023;;R$ 10.000,00
CT-00457;CLT-0325;1200;poupança;53.223,47;06/04/2015;ATIVA;1.000,00
CT-00268;CLT-0032;0102;Poupança;R$ 62.448,28;30-10-2017;Ativa;R$ 2500.00
CT-00898;CLT-0873;0034;Salário;51399.16;2020-12-21;Ativa;500.00
CT-00201;CLT-0700;0001;Corrente;R$ 54.859,80;2024-10-17;Ativa;1000.00
CT-00236;CLT-0175;0102;POUPANÇA;R$ 66.897,07;23/10/18;ativa;2.500,00
CT-00390;CLT-0784;1200;CORRENTE;R$ 58.485,14;2015-10-30;ATIVA;500.00
CT-00067;CLT-0332;1200;Corrente;17670.05;21/10/2018;ativa;500,00
CT-00648;CLT-0518;1200;POUPANÇA;R$ 65.712,50;01-fev-2026;encerrada;R$ 2.500,00
CT-00620;CLT-0769;0102;CORRENTE;R$ 41.988,55;17-jan-2024;Ativa;10.000,00
CT-00080;CLT-0310 ;0034;POUPANÇA;(9.233,18);20-07-2021;ativa;N/A
CT-00451;CLT-0701;0521;Poupança;53.577,34;2021-01-06;Ativa;R$ 0,00
CT-00837;CLT-0315;1200;Corrente;2281.43;2019-04-25;Ativa;10000,00
CT-00857;CLT-0506;0521;CC;28511,38;24/03/2022;Bloqueada;R$ 5.000,00
CT-00302;CLT-0518;0347;corrente;24480,77;2023-01-30;ATIVA;2500,00
CT-00689;CLT-0135;0034;POUPANÇA;46348,25;2023-03-10;ativa;R$ 5.000,00
CT-00207;CLT-0121;0034;Corrente;R$ 63.248,07;2023-08-07;Ativa;0,00
CT-00853;clt-0862;0001;corrente;45484.89;30-04-2026;Ativa;R$ 1000.00
CT-00666;CLT-0848;0102;Salário;77.771,57;2019-07-23;Ativa;
CT-00326;CLT-0617;0102;corrente;15.149,21;2015-11-23;Ativa;2.500,00
CT-00811;CLT-0139;1200;CORRENTE;629,07;22/01/2020;Bloqueada;R$ 1000.00
CT-00900;CLT-0630;0102;c/c;-;28-dez-2025;ativa;0,00
CT-00331;CLT-0069;0102;Poupança;40422.60;10/09/2018;ATIVA;10.000,00
CT-00933;CLT-0473;0347;Corrente;R$ 54.036,84;2020-10-15;Bloqueada;R$ 1.000,00
CT-00322;CLT-0158;0001;poupança;22.178,43;08/01/2024;Encerrada;2500.00
CT-00306;CLT-0051;1200;Poupança;4564,41;29/12/19;Ativa;
CT-00025;CLT-0125;0034;CC;18761.91;21/12/2020;Bloqueada;R$ 2.500,00
CT-00719;CLT-0849;0001;Corrente;43279.51;2023-05-07;ativa;2.500,00
CT-00486;CLT-0854;1200;CORRENTE;R$ 12327.40;03/03/2019;Ativa;R$ 10.000,00
CT-00173;CLT-0228;0102;c/c;44714,48;2025-01-05;ATIVA;500.00
CT-00952;CLT-0034;0347;Poupança;15488,67;11-mar-2019;Ativa;1.000,00
CT-00211;CLT-0073;0102;Corrente;39844.68;05/06/2022;Ativa;2500,00
CT-00945;CLT-0714;0001;corrente;sem info;2021-01-25;Ativa;R$ 500,00
CT-00016;clt-0777;0102;CORRENTE;R$ 63.924,08;2022-05-24;Ativa;R$ 5.000,00
CT-00873;CLT-0574;0102;Salário;(74.810,36);2019-12-27;Encerrada;R$ 500,00
CT-00573;CLT-0355;0521;SALÁRIO;R$ 1396.03;13/07/2020;Bloqueada;R$ 2500.00
CT-00243;CLT-0749;0347;Corrente;60.925,86;15/03/2025;bloqueada;R$ 2.500,00
CT-00554;CLT-0331;0001;Salário;59.756,57;2021-03-16;bloqueada;500.00
CT-00375;CLT-0118;0347;corrente;81607.90;2025-12-06;Ativa;500,00
CT-00606;CLT-0476;0521;PP;66.265,88;01/01/23;Ativa;5000.00
CT-00181;CLT-0477;0347;PP;42533.93;03/09/2023;;5.000,00
CT-00678;CLT-0473;0001;Corrente;R$ 39.138,42;2019-04-11;Ativa;10000.00
CT-00033;CLT-0542;0102;POUPANCA;48.283,14;2017-12-23;ATIVA;R$ 10.000,00
CT-00104;CLT-0355;0521;poupança;20860,76;2024-04-07;Ativa;R$ 10000.00
CT-00335;CLT-0537;0102;Poupança;R$ 66802.56;2025-11-20;ativa;10.000,00
CT-00828;CLT-0190;0347;corrente;(14.220,23);2016-07-27;Ativa;5000,00
CT-00758;CLT-0207;1200;Corrente;32056.92;21/11/2021;Ativa;2500,00
CT-00209;CLT-0451;0001;SALÁRIO;5336.93;16-01-2025;Ativa;-
CT-00455;CLT-0205;0521;corrente;R$ 12058.35;24/08/2019;Ativa;2500.00
CT-00264;CLT-0712;1200;corrente;R$ 66.366,57;24/05/2018;ATIVA;500,00
CT-00912;CLT-0566;0001;Corrente;58.041,68;28/03/2019;bloqueada;0.00
CT-00029;CLT-0110;0347;Corrente;R$ 1.202,21;08/12/2024;ativa;R$ 10.000,00
CT-00591;CLT-0331;0102;POUPANCA;64236,27;07/03/2020;Ativa;R$ 10.000,00
CT-00699;CLT-0732;0521;Poupança;R$ 27.179,90;2019-04-21;;1.000,00
CT-00685;CLT-0107;0521;Corrente;56809,67;06-11-2015;ATIVA;R$ 10.000,00
CT-00095;CLT-0435;0001;Poupança;63955.22;2019-09-14;Ativa;R$ 0,00
CT-00526;CLT-0646;0347;poupança;R$ 73.992,51;02-08-2019;Encerrada;R$ 2.500,00
CT-00197;CLT-0590;0102;poupança;R$ 53.399,75;08-10-2019;Ativa;R$ 500.00
CT-00492;CLT-0715;0521;CC;R$ 3.545,20;15/06/2022;Ativa;N/A
CT-00605;CLT-0198;0102;CC;3732.88;03/08/23;Encerrada;5000,00
CT-00734;CLT-0061;1200;Corrente;80344.46;10/11/2024;Ativa;500.00
CT-00111;CLT-0108;0102;CC;R$ 22.736,08;02-07-2023;Ativa;0,00
CT-00662;CLT-0499;1200;corrente;48107,32;12-12-2022;Ativa;1.000,00
CT-00135;CLT-0161;0347;Poupança;13248.92;06/11/2015;Ativa;R$ 500,00
CT-00309;CLT-0399;0001;POUPANÇA;51.092,28;08/07/23;ativa;R$ 500.00
CT-00763;CLT-0129;0001;poupanca;65.252,66;13-03-2022;Encerrada;10.000,00
CT-00885;CLT-0631;1200;Corrente;58.651,97;2016-01-19;ativa;2.500,00
CT-00102;CLT-0786;0034;Corrente;R$ 29.148,50;2019-02-05;Ativa;10.000,00
CT-00149;CLT-0254;0102;corrente;R$ 61337.54;02/06/2019;Bloqueada;R$ 2.500,00
CT-00186;CLT-0872;1200;corrente;R$ 78100.43;05-08-2021;ativa;2.500,00
CT-00902;CLT-0281;0102;Corrente;R$ 13.754,44;2020-12-19;Bloqueada;5000.00
CT-00280;CLT-0128 ;0102;corrente;67570,36;09-02-2026;Ativa;0.00
CT-00726;CLT-0279;0001;CORRENTE;20.852,96;2018-11-30;ATIVA;R$ 10000.00
CT-00279;CLT-0402;0034;Poupança;83926.67;15-02-2016;ATIVA;R$ 5000.00
CT-00481;CLT-0379;1200;Poupança;R$ 1.911,25;27/05/2022;ATIVA;10000,00
CT-00480;CLT-0667;0034;CC;R$ 56.670,48;2015-10-12;ATIVA;500,00
CT-00510;clt-0544;0521;CORRENTE;72.312,75;04/01/2025;encerrada;2500,00
CT-00123;CLT-0451;0001;poupanca;R$ 6.613,37;18/11/2019;ativa;0.00
CT-00781;CLT-0870;1200;Poupança;69376,61;03/03/2024;Bloqueada;5000.00
CT-00441;CLT-0729;0034;Corrente;23.960,62;24/06/2019;ATIVA;1000.00
CT-00160;CLT-0545;0347;Corrente;R$ 10.929,47;05/04/25;Ativa;1.000,00
CT-00429;CLT-0158;0034;CORRENTE;8.632,69;15/12/22;Ativa;10000.00
CT-00772;CLT-0801;0102;PP;44844,69;27/07/2020;ativa;2.500,00
CT-00622;CLT-0119;0347;Salário;R$ 72.565,85;02-01-2025;Encerrada;R$ 5000.00
CT-00863;CLT-0310;0347;c/c;59.387,93;11/08/20;ATIVA;5.000,00
CT-00827;CLT-0597;0102;poupança;27.280,23;25/10/2025;ativa;R$ 1.000,00
CT-00258;CLT-0381;0521;Poupança;8757.68;11-02-2025;Ativa;1.000,00
CT-00836;CLT-0082;0521;Corrente;70939.60;01/09/21;Ativa;R$ 0,00
CT-00202;CLT-0763;0347;corrente;R$ 4.801,11;24-03-2024;Encerrada;-
CT-00926;CLT-0490;0521;corrente;R$ 46794.29;2025-02-02;Ativa;1.000,00
CT-00871;clt-0491;0001;Corrente;23.005,14;12/09/2016;Ativa;5000.00
CT-00850;CLT-0659;0347;SALÁRIO;82126.62;19/04/16;Ativa;R$ 5000.00
CT-00683;CLT-0769;0034;Poupança;28036,57;2016-06-10;Ativa;2.500,00
CT-00462;CLT-0741;1200;corrente;75.098,17;2019-07-29;Ativa;10.000,00
CT-00241;CLT-0194;0034;corrente;3271,21;16-jul-2019;Ativa;10000,00
CT-00297;clt-0557;1200;Conta Salário;62.161,24;28-09-2023;Ativa;R$ 10000.00
CT-00107;CLT-0024;0102;Corrente;R$ 34.113,37;28-09-2021;Ativa;R$ 2.500,00
CT-00703;CLT-0016;0034;POUPANÇA;83306,56;2019-08-20;ativa;R$ 500,00
CT-00356;CLT-0023;0034;salario;76750,29;05/05/2026;Encerrada;10000.00
CT-00824;CLT-0346;1200;PP;R$ 72907.28;24-fev-2017;encerrada;R$ 1.000,00
CT-00821;clt-0850;0102;Salário;R$ 8775.27;2024-06-27;ativa;R$ 10.000,00
CT-00586;CLT-0667;0347;Poupança;59982.29;06/06/2019;ATIVA;R$ 500,00
CT-00314;CLT-0563 ;0521;c/c;57005,71;30/01/2015;encerrada;500,00
CT-00282;CLT-0036;0034;CORRENTE;R$ 63.849,18;06-01-2024;ATIVA;500,00
CT-00860;CLT-0003;0001;POUPANÇA;R$ 71.619,11;2015-07-21;Encerrada;1.000,00
CT-00203;CLT-0194;0347;Corrente;-1122.71;31/07/2022;Ativa;R$ 0,00
CT-00142;CLT-0770;0034;corrente;R$ 83.104,50;2025-02-03;Ativa;R$ 1.000,00
CT-00189;CLT-0150;0347;CC;R$ 40.186,14;2018-09-18;Encerrada;0.00
CT-00759;CLT-0622;0347;CORRENTE;R$ 82.987,97;07-01-2026;Ativa;500.00
CT-00063;CLT-0550;1200;CC;R$ 48.180,85;06/07/2016;Ativa;500,00
CT-00842;clt-0334;0347;corrente;27929.26;01/09/2016;ATIVA;0,00
CT-00883;CLT-0792;0521;c/c;42251.22;09/02/2025;encerrada;1000.00
CT-00600;CLT-0651;0034;POUPANÇA;51900.15;2023-08-19;ativa;500,00
CT-00423;clt-0490;0347;POUPANCA;R$ 31.137,36;24-10-2022;Ativa;10000,00
CT-00389;CLT-0670;0347;poupança;39186.68;09/03/23;Ativa;R$ 2500.00
CT-00612;CLT-0691;0034;Poupança;170.31;2015-06-05;Ativa;R$ 5.000,00
CT-00951;CLT-0686;1200;poupança;R$ 54.242,96;31-12-2015;Ativa;R$ 1.000,00
CT-00809;CLT-0685;0034;PP;24.799,14;06/07/2020;ativa;10.000,00
CT-00771;CLT-0426;0034;CORRENTE;19.350,95;29/05/2019;ATIVA;1.000,00
CT-00890;CLT-0454;0102;corrente;26723.47;2018-05-24;Ativa;R$ 0.00
CT-00635;CLT-0735;0347;corrente;47.282,09;23/04/22;ATIVA;500,00
CT-00364;CLT-0261;1200;POUPANCA;81.959,54;26/09/2015;ATIVA;500,00
CT-00370;CLT-0169;0001;Poupança;6.233,16;05-02-2020;Ativa;500,00
CT-00665;CLT-0481;0521;Salário;3.137,32;22/02/2016;Ativa;10000.00
CT-00431;CLT-0285;0102;c/c;19.591,46;20-11-2020;Ativa;R$ 1.000,00
CT-00756;CLT-0712 ;0347;Corrente;R$ 74477.42;06/11/2025;ativa;R$ 0,00
CT-00470;CLT-0101;1200;Poupança;451,61;2019-10-13;Ativa;R$ 10.000,00
CT-00388;CLT-0149;1200;Corrente;20.160,46;30/03/16;ativa;R$ 5.000,00
CT-00065;CLT-0638;0102;poupança;R$ 18974.24;11/04/26;Ativa;R$ 0,00
CT-00349;CLT-0090;0102;poupança;R$ 29.282,77;03/07/2022;encerrada;500,00
CT-00521;CLT-0522;0001;Corrente;R$ 16.378,90;04/03/2018;ativa;R$ 2.500,00
CT-00950;CLT-0647;0001;POUPANÇA;2373,02;2023-08-25;ativa;10000.00
CT-00712;CLT-0801;0034;Salário;R$ 53.555,56;2024-11-30;encerrada;10000.00
CT-00595;CLT-0178;0102;corrente;R$ 8.974,27;15-jul-2025;Ativa;R$ 0.00
CT-00444;CLT-0690;0347;Poupança;30.754,90;01-12-2018;bloqueada;1000,00
CT-00223;CLT-0267;0347;Poupança;R$ 19461.98;12/08/23;Ativa;R$ 1.000,00
CT-00421;CLT-0479;0001;Corrente;-1.294,49;05/12/2016;ativa;1000.00
CT-00864;CLT-0197;0347;corrente;R$ 3.046,70;17/03/2024;Ativa;R$ 10.000,00
CT-00056;CLT-0360;0347;corrente;75.555,14;2017-07-05;Ativa;5.000,00
CT-00374;CLT-0780;1200;corrente;R$ 73.897,01;11-mai-2022;ativa;R$ 5.000,00
CT-00923;CLT-0581;1200;Corrente;78.803,12;21-06-2020;Encerrada;-
CT-00410;CLT-0528;0102;CORRENTE;55.017,83;02-04-2015;Ativa;0.00
CT-00936;CLT-0129;0347;poupança;R$ 53551.43;11/02/2026;Ativa;R$ 1.000,00
CT-00551;CLT-0424;0001;SALÁRIO;R$ 32.199,66;23-12-2017;encerrada;R$ 500.00
CT-00090;CLT-0515;0521;corrente;R$ 74.807,97;06/07/2017;ativa;0,00
CT-00727;CLT-0203;0102;c/c;R$ 24.687,38;15/01/2025;Ativa;R$ 2.500,00
CT-00597;CLT-0359;0521;Corrente;20708,36;2015-06-14;ativa;R$ 10.000,00
CT-00122;clt-0261;0521;Poupança;R$ 14.835,11;29/12/2019;Ativa;10000.00
CT-00588;CLT-0001;0102;Corrente;R$ 83140.25;16-11-2021;Ativa;R$ 2.500,00
CT-00755;CLT-0180;1200;POUPANÇA;76852.21;2015-04-17;Ativa;10.000,00
CT-00198;CLT-0543;0102;CC;R$ 7.451,60;2024-10-06;ativa;0,00
CT-00159;CLT-0264;0001;CORRENTE;;27/05/2026;Ativa;0,00
CT-00465;CLT-0093;0347;Corrente;79.533,29;27/10/2020;Ativa;0,00
CT-00004;CLT-0244;0347;Corrente;36.725,15;10/01/25;Encerrada;5000,00
CT-00675;CLT-0752;0347;CORRENTE;-875.95;2018-03-11;Ativa;0,00
CT-00910;CLT-0369;0034;CORRENTE;82915.65;03/11/2020;Ativa;N/A
CT-00218;CLT-0223;0034;Corrente;60202,65;28/01/21;bloqueada;R$ 500,00
CT-00879;CLT-0571;0034;Corrente;R$ 79.653,67;17/02/2025;Ativa;0.00
CT-00525;CLT-0194;0347;poupança;R$ 74.949,69;2020-06-08;ATIVA;R$ 2.500,00
CT-00096;CLT-0681;0347;Corrente;R$ 33.493,87;16/01/2015;Ativa;R$ 10.000,00
CT-00697;CLT-0847;0347;poupança;59.266,06;25-01-2023;ATIVA;R$ 1.000,00
CT-00068;CLT-0874;0102;Corrente;R$ 31014.68;2020-10-24;ativa;0.00
CT-00491;CLT-0381;0347;POUPANCA;(16.431,92);2024-03-20;Encerrada;R$ 2.500,00
CT-00313;CLT-0589;0521;CORRENTE;R$ 67.468,56;27/12/2018;Encerrada;500,00
CT-00762;CLT-0155;0034;corrente;R$ 53.713,66;29-02-2020;ativa;5000.00
CT-00876;CLT-0445;1200;Corrente;21584.62;2020-12-06;ativa;R$ 2.500,00
CT-00416;CLT-0534;0001;PP;7268.42;2019-12-30;Ativa;R$ 2.500,00
CT-00589;CLT-0690;0347;Salário;R$ 75.266,89;02/05/2015;Ativa;1000.00
CT-00657;CLT-0372;0521;Corrente;8.487,84;12/05/2018;Ativa;0,00
CT-00153;CLT-0865;0347;Poupança;R$ 60.357,78;03/03/25;Encerrada;R$ 2.500,00
CT-00332;clt-0415;0034;poupança;46.522,69;20-05-2016;Ativa;R$ 1.000,00
CT-00476;CLT-0400;0001;poupança;R$ 53.071,78;2017-01-10;bloqueada;sem info
CT-00350;CLT-0784;0102;poupança;52136.08;08-05-2024;Ativa;R$ 2.500,00
CT-00754;CLT-0445;1200;CORRENTE;27381,14;16/07/2019;Ativa;1.000,00
CT-00868;CLT-0325;0521;Corrente;61.816,66;2019-11-26;Ativa;R$ 1.000,00
CT-00739;CLT-0553;0521;corrente;66206,09;2022-08-18;ativa;10000,00
CT-00833;CLT-0231;0034;Salário;2632,52;24/09/2025;Encerrada;500,00
CT-00437;CLT-0401;0347;corrente;40262.38;16/07/2025;Ativa;R$ 500,00
CT-00436;CLT-0136;0102;Poupança;29.681,72;2018-11-09;Ativa;R$ 2.500,00
CT-00596;CLT-0185;1200;POUPANÇA;47635.42;08/11/2020;Encerrada;R$ 10000.00
CT-00205;CLT-0458 ;0034;corrente;(1.832,22);2015-07-14;ativa;R$ 2.500,00
CT-00231;CLT-0378;0034;Corrente;R$ 65.039,57;25-ago-2022;Ativa;2500.00
CT-00109;CLT-0805;0102;poupança;65109.31;05-05-2016;Ativa;10000.00
CT-00333;CLT-0209;0521;Salário;69388.29;21/02/2017;Ativa;
CT-00803;CLT-0345;0521;CORRENTE;R$ 30.253,85;11/01/2017;Ativa;2.500,00
CT-00608;CLT-0508;0347;CORRENTE;52948.48;2021-06-08;ativa;2500.00
CT-00854;CLT-0442;0001;Corrente;R$ 3.408,83;04/05/2023;Ativa;500,00
CT-00304;CLT-0052;0521;Corrente;47.954,23;29/06/2021;Ativa;R$ 10.000,00
CT-00794;CLT-0369;0102;Corrente;sem info;2026-03-27;Encerrada;500.00
CT-00178;CLT-0494;0347;Corrente;R$ 955,58;2019-10-01;Ativa;R$ 500,00
CT-00409;CLT-0783;0347;Poupança;R$ 58.886,49;20/07/2020;encerrada;2.500,00
CT-00560;CLT-0638;1200;CORRENTE;R$ 28.899,92;2015-01-27;Ativa;R$ 10000.00
CT-00005;CLT-0154;1200;CORRENTE;6.685,57;19-03-2019;Ativa;500,00
CT-00433;CLT-0261;0102;Corrente;R$ 45.413,34;11/09/2018;Ativa;500,00
CT-00071;CLT-0691;0347;CORRENTE;R$ 83295.84;2022-03-02;Ativa;2500.00
CT-00145;CLT-0163;0034;Corrente;R$ 31.571,82;09/02/2015;Ativa;1.000,00
CT-00800;CLT-0259;0001;Poupança;R$ 80.493,27;2023-10-08;ATIVA;0.00
CT-00720;CLT-0481;0347;Poupança;R$ 67733.06;2025-09-21;Ativa;1000.00
CT-00835;CLT-0412;0347;CORRENTE;R$ 54.421,00;21/03/2020;Ativa;10000.00
CT-00347;clt-0510;0034;Salário;32366.80;14/04/2019;Ativa;10.000,00
CT-00405;CLT-0075;0521;CORRENTE;42.925,61;15/12/2019;encerrada;500,00
CT-00682;CLT-0733;0001;Corrente;62.289,07;26/12/2024;Bloqueada;2.500,00
CT-00722;CLT-0402;0347;Salário;67445.09;19/10/2021;ATIVA;1.000,00
CT-00771;CLT-0426;0034;CORRENTE;19.350,95;29/05/2019;ATIVA;1.000,00
CT-00892;CLT-0186;0347;CORRENTE;65.941,43;2025-08-03;Ativa;10000.00
CT-00371;CLT-0406;1200;Corrente;(68.491,84);2021-05-26;ativa;10000.00
CT-00260;CLT-0726;0001;CC;68.699,07;14/09/2017;Ativa;1.000,00
CT-00454;CLT-0602;0001;CC;30.291,46;14/11/2016;Ativa;R$ 0,00
CT-00581;CLT-0841;0034;corrente;78683.94;10-01-2018;ATIVA;5000.00
CT-00920;CLT-0747;1200;Corrente;10.835,39;2026-04-04;Ativa;R$ 2.500,00
CT-00893;CLT-0120;0102;Poupança;45934,46;08/03/15;Ativa;R$ 1.000,00
CT-00193;CLT-0672;0034;Corrente;62.355,14;2019-07-25;Ativa;2500.00
CT-00593;CLT-0511;0347;corrente;R$ 76.078,99;22/02/21;ativa;R$ 2.500,00
CT-00886;CLT-0262;0521;CORRENTE;7.250,41;27/11/2016;Ativa;R$ 2.500,00
CT-00634;CLT-0372;0001;Salário;R$ 29.141,39;19/05/2025;ATIVA;500,00
CT-00402;CLT-0770;0034;CORRENTE;R$ 23.578,40;2024-11-23;Ativa;5.000,00
CT-00099;CLT-0449;0521;corrente;8.769,36;2020-01-03;ATIVA;10000.00
CT-00796;CLT-0521;0034;corrente;30039.29;26/10/2025;Ativa;R$ 5000.00
CT-00052;CLT-0615;1200;Corrente;25.319,30;07-jul-2017;Encerrada;R$ 500,00
CT-00328;CLT-0412;0102;SALÁRIO;R$ 62.759,10;2024-08-17;ativa;1000,00
CT-00150;CLT-0391;0001;Corrente;28.806,40;16/04/2022;Ativa;1000,00
CT-00244;CLT-0387;1200;Poupança;76207.51;10/08/2020;Encerrada;10000.00
CT-00357;CLT-0580;0521;CC;20.904,16;2022-03-14;encerrada;500,00
CT-00323;CLT-0495;0347;CORRENTE;R$ 80.375,48;2019-05-28;ativa;R$ 5.000,00
CT-00820;CLT-0753;0102;PP;76.096,48;01/11/2019;ATIVA;N/A
CT-00105;CLT-0551;1200;poupanca;R$ 9.349,62;2015-11-14;Bloqueada;500.00
CT-00152;CLT-0429;0521;Corrente;15433,51;28/07/2018;Encerrada;5000.00
CT-00190;CLT-0182;0102;poupanca;R$ 83.087,34;31/08/2023;Ativa;R$ 0.00
CT-00184;CLT-0047;0347;Corrente;51.647,41;25/06/2018;Ativa;R$ 5.000,00
CT-00919;CLT-0289;1200;CORRENTE;R$ 55.465,28;22/04/2015;Ativa;5.000,00
CT-00724;clt-0175;0521;Corrente;R$ 43.965,76;16/03/15;ATIVA;10.000,00
CT-00728;CLT-0735;0001;poupança;R$ 29.349,93;19/11/2021;Ativa;R$ 10000.00
CT-00721;CLT-0251;0347;Corrente;33054.00;2016-07-27;encerrada;500.00
CT-00707;CLT-0710;0347;poupança;R$ 5.497,76;16/02/2025;Encerrada;1000,00
CT-00138;CLT-0358;0102;Poupança;84.203,03;20/12/2015;Ativa;R$ 2.500,00
CT-00817;CLT-0148;0102;salário;R$ 21.087,29;06/09/2021;Ativa;1000.00
CT-00239;CLT-0071;0034;Poupança;R$ 19.170,05;28-09-2024;Ativa;R$ 0,00
CT-00501;clt-0051;0034;Corrente;71.809,80;19-08-2021;ATIVA;5000,00
CT-00400;CLT-0077;0034;c/c;R$ 41.139,46;2017-08-02;Ativa;R$ 0,00
CT-00140;CLT-0679;0102;Corrente;R$ 6.778,98;07/07/19;Ativa;R$ 1.000,00
CT-00266;CLT-0097;0347;CC;126.75;16/02/2020;Ativa;R$ 10000.00
CT-00617;CLT-0304;0521;Poupança;75.459,31;23/06/2023;Ativa;0,00
CT-00369;CLT-0290;0034;Salário;20571.80;2025-03-24;Ativa;1.000,00
CT-00496;CLT-0025;0034;Poupança;27738.57;2022-01-14;ATIVA;R$ 10.000,00
CT-00191;CLT-0406;0102;POUPANÇA;R$ 43155.54;2020-08-14;bloqueada;1000,00
CT-00131;clt-0845;0521;c/c;52331.03;01-ago-2023;Ativa;R$ 1.000,00
CT-00524;CLT-0833;0521;Conta Salário;50.239,54;10/09/2020;Ativa;R$ 5000.00
CT-00338;CLT-0508;0001;CC;R$ 6.846,60;16/07/2018;Ativa;R$ 0,00
CT-00310;CLT-0025;0347;corrente;73943,53;31/10/2022;Bloqueada;R$ 500.00
CT-00797;CLT-0068;0102;corrente;72356.70;01/09/2018;Ativa;R$ 5000.00
CT-00276;CLT-0449;0001;Poupança;R$ 52965.08;17/07/2018;Ativa;5000.00
CT-00151;CLT-0125;0102;Corrente;12404,74;10-06-2017;ativa;5.000,00
CT-00449;clt-0816;0521;Poupança;22473,94;08/11/2018;Ativa;500,00
CT-00182;CLT-0336;0034;PP;78.729,78;12-11-2023;Ativa;R$ 5.000,00
CT-00741;CLT-0849;0347;poupança;30504,04;25/03/17;Bloqueada;10.000,00
CT-00404;CLT-0446;0034;CORRENTE;39795.10;21/05/2026;Ativa;2.500,00
CT-00237;CLT-0180;0521;Salário;11.684,50;08/03/2016;Ativa;500.00
CT-00213;CLT-0153 ;1200;Poupança;20.930,14;2026-04-05;Ativa;R$ 2500.00
CT-00640;CLT-0558;0001;Corrente;35.963,32;19/06/2022;Ativa;500,00
CT-00020;CLT-0671;0347;Corrente;R$ 80.851,76;2024-09-11;Encerrada;10000,00
CT-00270;CLT-0338;0034;poupança;41293.52;2026-05-21;bloqueada;R$ 500.00
CT-00064;CLT-0608;0001;Poupança;(78.071,97);2026-04-29;encerrada;10000.00
CT-00742;CLT-0463;0001;poupança;R$ 523.68;2020-08-27;Bloqueada;R$ 5000.00
CT-00575;CLT-0656;0034;corrente;N/A;02-07-2022;Ativa;500,00
CT-00548;CLT-0105;1200;Corrente;22575,31;28/08/2015;Ativa;10000.00
CT-00615;CLT-0489;1200;CORRENTE;(25.887,27);29/05/2018;Encerrada;0.00
CT-00032;CLT-0049;1200;Corrente;78.008,12;05/01/2026;;R$ 1.000,00
CT-00770;CLT-0567;0347;poupanca;(1.878,30);2020-10-29;Encerrada;10.000,00
CT-00839;CLT-0030;0347;corrente;sem info;23-dez-2024;Ativa;1000.00
CT-00519;CLT-0408;0102;CC;R$ 57.066,78;2016-06-13;Ativa;R$ 2.500,00
CT-00819;CLT-0501;0347;Corrente;25737.49;2019-02-14;Ativa;10000.00
CT-00604;CLT-0019;0521;corrente;R$ 24.945,02;30-jan-2026;encerrada;1000.00
CT-00027;CLT-0338;0102;poupança;36818,62;2025-04-29;Bloqueada;5000.00
CT-00514;CLT-0289;0347;poupança;74330,10;2019-11-09;Ativa;R$ 1000.00
CT-00681;CLT-0244;0102;POUPANÇA;R$ 44234.87;29/04/2019;ATIVA;R$ 500,00
CT-00078;CLT-0405;0102;POUPANCA;R$ 11.333,61;25/07/2018;bloqueada;2.500,00
CT-00943;CLT-0582;0347;Poupança;44838.21;2020-08-10;Ativa;R$ 1.000,00
CT-00427;CLT-0011;0521;CORRENTE;80.206,84;28-mar-2026;Ativa;R$ 2500.00
CT-00684;CLT-0181;0001;CORRENTE;R$ 54.123,25;17/10/2017;ATIVA;10.000,00
CT-00932;CLT-0011;1200;poupança;23.954,52;10-06-2023;;500,00
CT-00646;CLT-0393;0521;CORRENTE;51264,56;16-07-2026;ativa;R$ 5000.00
CT-00108;CLT-0562;0102;SALÁRIO;(38.292,61);22-05-2025;Ativa;R$ 10.000,00
CT-00515;CLT-0366;1200;corrente;R$ 79.708,60;02-fev-2021;Encerrada;0.00
CT-00627;CLT-0548;0102;Conta Salário;R$ 1873.28;30/11/21;Ativa;2500,00
CT-00354;CLT-0013;0001;Corrente;-1093.10;2017-07-09;Ativa;R$ 0,00
CT-00849;CLT-0368;1200;CC;R$ 84.419,46;01-08-2020;ATIVA;R$ 2.500,00
CT-00632;CLT-0454;0521;Corrente;24.270,09;31-01-2023;Ativa;R$ 1.000,00
CT-00801;CLT-0493;0102;corrente;44720.85;24-08-2018;Ativa;10.000,00
CT-00088;CLT-0628 ;0521;corrente;R$ 7101.71;2024-03-18;Ativa;R$ 1.000,00
CT-00528;CLT-0500;0347;POUPANÇA;20985,09;03/12/2024;encerrada;2.500,00
CT-00939;CLT-0568;0001;Corrente;R$ 66.460,38;2026-03-04;encerrada;10.000,00
CT-00818;CLT-0295;0034;Poupança;-117,43;12/08/2018;bloqueada;R$ 500,00
CT-00179;CLT-0435;0347;Corrente;R$ 45.758,77;16/08/2015;ativa;1000,00
